Database,Keyword,Seed keyword,Page,Topic,Page type,Tags,Volume,Keyword Difficulty,CPC (USD),Competitive Density,Number of Results,Intent,SERP Features,Trend,Click potential,Content references,Competitors
au,chiropractor tweed heads,tweed heads chiropractor,,,,,140,22,0.00,0.00,15900,Commercial,"Related Searches, Local Pack, Image","0.53,0.53,0.42,0.53,0.53,0.42,0.80,0.65,0.53,0.42,0.53,0.42",90,,
au,chiro tweed heads,tweed chiro,,,,,30,0,0.00,0.00,,,,"0.04,0.04,0.04,0.04,0.04,0.04,0.33,0.33,0.23,0.19,0.19,0.19",,,
au,tweed heads chiro,tweed chiro,,,,,30,0,0.00,0.00,,,,"0.00,0.14,0.14,0.14,0.14,0.14,1.00,1.00,0.71,0.42,0.42,0.42",,,
au,tweed chiro,tweed chiro,,,,,10,0,0.00,0.00,,,,"0.00,0.09,0.09,0.09,0.09,0.09,0.09,0.09,0.09,0.09,0.09,0.09",,,
au,chiropractor banora point,banora chiropractor,,,,,20,0,0.00,0.00,,,,"0.00,0.00,0.00,0.00,0.00,0.00,0.71,1.00,0.28,0.14,0.71,0.14",,,
au,banora chiropractor,banora chiropractor,,,,,0,0,0.00,0.00,,,,"1.00,0.00,0.00,0.00",,,
au,banora point chiropractor,banora chiropractor,,,,,0,0,0.00,0.00,,,,"0.00,0.00,0.00,0.00,0.00,0.00,0.00,0.00,0.00,0.00,0.00,0.00",,,
au,chiropractor coolangatta,coolangatta chiropractor,,,,,50,0,0.00,0.00,,,,"0.41,0.29,0.29,0.29,0.41,0.41,0.17,0.23,0.17,0.23,0.29,0.23",,,
au,coolangatta chiropractor,coolangatta chiropractor,,,,,10,0,0.00,0.00,,,,"0.00,0.00,0.00,0.00,0.00,0.00,0.00,1.00,0.50,0.50,0.75,0.50",,,
au,coolangatta chiro,coolangatta chiro,,,,,20,0,1.94,0.60,,,,"0.00,0.00,0.00,0.25,0.50,0.75,1.00,0.50,1.00,0.50,0.50,0.50",,,
au,chiropractor kingscliff,chiropractor kingscliff,,,,,70,6,0.00,0.00,0,Commercial,"Image, Related Searches, Local Pack","0.45,0.63,0.63,0.45,0.63,0.45,0.81,0.81,0.63,0.45,0.45,0.63",75,,
au,kingscliff chiropractor,chiropractor kingscliff,,,,,0,0,0.00,0.00,,,,"0.75,0.25,0.25,0.00,0.00,0.00,0.00,0.00,0.00,0.00,0.00,0.00",,,
au,chiropractors kingscliff,chiropractor kingscliff,,,,,0,0,0.00,0.00,,,,"0.00,0.00,0.00,0.00,0.00,0.00,0.00,0.00,0.00,0.00,0.00,0.00",,,
au,casuarina chiro,casuarina chiro,,,,,0,0,0.00,0.00,,,,"0.09,0.00,0.00,0.00,0.00,0.00,0.00,0.18,0.00,0.00,0.00,0.00",,,
au,chiropractor casuarina,casuarina chiropractor,,,,,50,0,0.00,0.00,,,,"0.18,0.18,0.09,0.09,0.09,0.09,1.00,1.00,0.81,0.45,0.63,0.45",,,
au,casuarina chiropractor,casuarina chiropractor,,,,,10,0,0.00,0.00,,,,"0.07,0.07,0.07,0.21,0.21,0.07,0.00,0.00,0.00,0.00,0.00,0.00",,,
au,chinderah chiropractor,chinderah chiropractor,,,,,20,0,0.00,0.00,,,,"0.80,0.80,1.00,0.80,0.20,0.00,0.00,0.00,0.00,0.00,0.00,0.00",,,
au,chiropractor chinderah,chinderah chiropractor,,,,,20,0,0.00,0.00,,,,"0.20,0.20,0.40,0.20,0.20,0.00,1.00,0.80,0.60,0.20,0.00,0.00",,,
au,chiropractor in chinderah,chinderah chiropractor,,,,,20,0,0.00,0.00,,,,"0.00,0.00,0.00,0.00,1.00,1.00,0.42,0.14,0.14,0.00",,,
au,chiropractor kirra beach,kirra chiropractor,,,,,10,0,0.00,0.00,,,,"0.66,0.66,0.66,0.66,0.66,0.66,0.66,0.00,0.00,0.00,0.00,0.00",,,
au,chiropractor kirra,kirra chiropractor,,,,,0,0,0.00,0.00,,,,"0.00,0.00,0.00,0.00,0.00,0.00,0.00,0.00,0.00,0.00,0.00,0.00",,,
au,kirra chiropractor,kirra chiropractor,,,,,0,0,0.00,0.00,,,,"0.00,0.00,0.00,0.00,0.00,0.00,0.00,0.00,0.00,0.00,0.00,0.00",,,
au,sciatica treatment,sciatica,,,,,6600,72,0.00,0.00,26600000,Informational,"Related Searches, Discussions And Forums, AI Overview, Image Pack, Video, Image, Video Carousel","0.44,0.66,0.36,0.36,0.66,0.29,0.54,0.66,0.44,0.36,0.36,0.36",75,,
au,sciatica pain,sciatica,,,,,18100,77,0.00,0.00,28200000,Informational,"Related Searches, Discussions And Forums, AI Overview, Image Pack, Video, Image, Video Carousel","1.00,1.00,1.00,1.00,1.00,1.00,1.00,1.00,1.00,1.00,1.00,1.00",75,,
au,sciatica,sciatica,,,,,33100,90,0.00,0.00,153,Informational,"Video, Image, Video Carousel, Related Searches, AI Overview","0.81,0.81,0.81,0.81,0.81,0.81,0.81,0.81,0.81,1.00,0.81,0.66",60,,
au,sciatica treatments,sciatica,,,,,2400,65,0.00,0.00,28300000,Informational,"Discussions And Forums, AI Overview, Video, Image, Video Carousel, Related Searches","0.66,0.66,0.66,0.53,0.53,0.53,0.53,0.53,0.24,0.10,0.00,0.00",75,,
au,immediate relief sciatica,sciatica,,,,,1600,59,1.12,0.94,5400000,Informational,"Discussions And Forums, AI Overview, Site Links, Video, Image, Video Carousel, Related Searches","0.79,0.66,0.79,0.79,0.79,0.66,0.05,0.54,0.66,0.79,0.66,0.66",20,,
au,pregnant and sciatica,sciatica,,,,,1600,31,0.84,0.01,139,Informational,"Discussions And Forums, AI Overview, Video, Image, Video Carousel, Related Searches","0.66,0.66,0.79,1.00,0.79,0.66,0.05,0.54,0.66,0.54,0.54,0.54",90,,
au,what is sciatica,sciatica,,,,,1600,80,0.00,0.00,19900000,Informational,"People Also Ask, Related Searches, AI Overview, Image Pack, Video, Image, Video Carousel","0.79,0.54,0.54,0.79,0.66,0.54,0.66,0.79,0.66,1.00,0.54,0.66",90,,
au,exercises for sciatica,sciatica,,,,,1300,47,0.00,0.00,22200000,Informational,"AI Overview, Video, Image, Video Carousel, People Also Ask, Related Searches, See Results About","0.41,0.41,0.54,0.41,0.79,0.41,0.54,0.54,0.54,0.54,0.41,0.54",90,,
au,sciatica pain how to relieve,sciatica,,,,,1300,69,0.96,0.92,19900000,Informational,"Image, Video Carousel, People Also Ask, Related Searches, AI Overview, Image Pack, Site Links, Video","0.84,0.07,0.84,0.84,1.00,0.68,0.00,0.68,0.84,1.00,0.84,1.00",20,,
au,how to reduce sciatica pain,sciatica,,,,,1000,56,0.31,0.55,23300000,Informational,"Image, Video Carousel, Related Searches, AI Overview, Image Pack, Video","0.84,0.68,0.84,0.84,1.00,0.84,0.16,0.84,0.05,0.37,0.11,0.08",90,,
au,stretches for sciatica,sciatica,,,,,1300,47,0.31,0.12,28900000,Informational,"AI Overview, Site Links, Video, Image, Video Carousel, Related Searches, Discussions And Forums","0.54,0.41,0.36,0.41,0.54,0.36,0.54,0.66,0.41,0.36,0.30,1.00",20,,
au,how to relieve sciatica pain,sciatica,,,,,1000,62,0.31,0.49,0,Informational,"Image, Video Carousel, Related Searches, Discussions And Forums, AI Overview, Video","0.84,0.25,0.68,0.31,0.46,0.31,0.84,0.84,0.52,0.25,0.52,1.00",90,,
au,immediate relief for sciatica pain,sciatica,,,,,1000,67,0.00,0.00,19700000,"Informational, Commercial","Image, Video Carousel, People Also Ask, Related Searches, Discussions And Forums, AI Overview, Site Links, Video","0.44,0.36,0.44,0.36,0.36,0.36,0.36,0.36,0.27,0.13,0.01,0.36",20,,
au,sciatica pregnancy,sciatica,,,,,880,44,0.00,0.00,25100000,"Informational, Commercial","Image, People Also Ask, Related Searches, Discussions And Forums, Image Pack, Site Links, Video, Featured Snippet","0.76,0.76,0.45,0.45,0.45,0.67,1.00,0.67,0.67,0.76,0.76,0.76",20,,
au,sciatica symptoms,sciatica,,,,,4400,79,0.00,0.00,148,Informational,"Image Pack, Video, Image, Related Searches, AI Overview","0.66,0.66,0.66,0.66,0.54,0.44,0.54,0.54,0.54,0.44,0.35,0.35",75,,
au,sciatica stretches,sciatica,,,,,2900,52,0.00,0.00,28800000,Informational,"AI Overview, Video, Image, Video Carousel, Related Searches, Discussions And Forums","1.00,1.00,1.00,1.00,1.00,0.82,1.00,1.00,0.82,0.82,1.00,0.82",75,,
au,sciatica exercises,sciatica,,,,,2400,42,0.32,0.11,28200000,Informational,"AI Overview, Video, Image, Video Carousel, Related Searches, See Results About, Discussions And Forums","0.66,0.52,0.66,0.52,0.66,0.52,0.66,0.66,0.52,0.52,0.66,0.52",75,,
au,stretch exercise for sciatica pain,sciatica,,,,,1600,49,0.35,0.13,0,Informational,"Related Searches, AI Overview, Site Links, Video, Image, Video Carousel","1.00,1.00,1.00,1.00,1.00,1.00,1.00,1.00,1.00,1.00,1.00,1.00",20,,
au,sciatica stretch exercises,sciatica,,,,,1000,52,0.36,0.12,7100000,Informational,"Video, Image, Video Carousel, Related Searches, AI Overview, Image Pack, Site Links","0.44,0.13,0.36,0.24,0.52,0.24,0.03,0.16,0.36,0.27,0.27,1.00",20,,
au,what causes sciatica,sciatica,,,,,1000,64,0.00,0.00,20000000,Informational,"AI Overview, Video, Image, Video Carousel, People Also Ask, Related Searches, Discussions And Forums","0.62,0.62,0.62,0.81,0.55,0.55,0.62,0.55,0.55,0.81,0.45,0.62",90,,
au,how to ease sciatica,sciatica,,,,,880,57,0.31,0.55,12200000,Informational,"Image, Video Carousel, People Also Ask, Related Searches, Discussions And Forums, AI Overview, Image Pack, Video","0.84,0.68,0.46,0.16,0.52,0.46,0.16,0.84,0.05,0.05,0.84,1.00",90,,
au,sciatica pain relief,sciatica,,,,,720,65,0.00,0.00,20300000,Informational,"See Results About, Discussions And Forums, AI Overview, Video, Image, Video Carousel, People Also Ask, Related Searches","0.52,0.25,0.25,0.31,0.37,0.31,0.68,0.31,0.20,0.20,0.31,0.46",90,,
au,how to treat sciatica,sciatica,,,,,720,73,0.35,0.46,30800000,Informational,"Video Carousel, AI Overview, Image Pack, Video, Image, People Also Ask, Related Searches, Discussions And Forums, Adwords Bottom","0.31,0.31,0.31,0.37,0.25,0.37,0.37,0.31,0.37,0.37,0.37,0.37",90,,
au,exercises for sciatica pain,sciatica,,,,,590,48,0.00,0.00,29400000,Informational,"Related Searches, Discussions And Forums, AI Overview, Site Links, Video, Image, Video Carousel","0.30,0.24,0.24,0.24,0.24,0.20,0.76,0.67,1.00,0.76,0.24,0.76",20,,
au,sciatica pain pregnancy,sciatica,,,,,590,45,0.00,0.00,15400000,Informational,"Featured Snippet, Image, People Also Ask, Related Searches, Discussions And Forums, Image Pack, Video","0.66,0.44,1.00,1.00,0.81,0.81,1.00,0.81,0.81,0.81,0.66,0.81",80,,
au,sciatica medication,sciatica,,,,,590,63,0.00,0.00,0,Informational,"Video, Video Carousel, Related Searches, Discussions And Forums, AI Overview","1.00,0.76,0.76,0.67,0.67,0.45,0.24,0.20,0.16,0.10,0.13,0.10",75,,
au,sciatica self care,sciatica,,,,,590,69,0.90,0.76,12000000,Informational,"Image Pack, Video, Image, Video Carousel, Related Searches, AI Overview","1.00,1.00,0.67,0.67,0.24,0.20,0.08,0.45,0.08,0.20,0.03,0.01",90,,
au,sciatica stretching exercises,sciatica,,,,,590,46,0.36,0.12,15500000,Informational,"Site Links, Video, Image, Video Carousel, People Also Ask, Related Searches, Image Pack, Discussions And Forums, AI Overview","0.59,0.39,0.48,0.21,0.59,0.32,1.00,0.72,0.59,0.72,0.59,0.88",20,,
au,how can i alleviate sciatica pain,sciatica,,,,,480,73,0.00,0.00,10000000,Informational,"Related Searches, Discussions And Forums, AI Overview, Video, Video Carousel, People Also Ask","0.00,0.00,0.00,0.00,0.00,0.72,1.00,0.88,0.88,1.00,1.00,1.00",90,,
au,how long will sciatica last,sciatica,,,,,480,31,0.11,0.03,25500000,Informational,"Related Searches, Site Links, Video, Featured Snippet, People Also Ask","0.81,0.54,0.44,1.00,0.81,0.81,0.19,0.36,0.81,0.66,0.66,0.81",20,,
au,how to cure sciatica permanently,sciatica,,,,,480,73,0.43,0.74,467000,Informational,"Video, Image, Related Searches, AI Overview, Site Links, Adwords Bottom, Video Carousel, People Also Ask, Discussions And Forums","0.36,0.30,0.36,0.24,0.30,0.24,0.24,0.24,0.24,0.24,0.30,0.30",20,,
au,how to treat sciatica pain,sciatica,,,,,480,73,0.34,0.51,25700000,Informational,"Related Searches, Discussions And Forums, AI Overview, Video, Image, Video Carousel","0.54,0.19,0.54,0.54,0.29,0.54,0.15,0.67,0.54,0.67,0.54,0.54",90,,
au,instant sciatica relief,sciatica,,,,,480,36,0.00,0.00,1820000,Informational,"Related Searches, Discussions And Forums, AI Overview, Video, Image, Video Carousel, People Also Ask","0.02,0.02,0.02,0.02,0.03,0.88,1.00,0.88,0.88,1.00,1.00,1.00",90,,
au,relieve sciatica,sciatica,,,,,480,64,0.00,0.00,27900000,Informational,"Video Carousel, Related Searches, See Results About, AI Overview, Image Pack, Site Links, Video, Image","0.76,0.76,0.00,0.76,0.67,0.67,0.76,0.01,0.01,0.00,0.00,0.00",20,,
au,sciatica massage,sciatica,,,,,480,13,1.20,0.90,18900000,Informational,"Image, Related Searches, Discussions And Forums, AI Overview, Local Pack, Site Links, Video, Video Carousel, People Also Ask, Image Pack","0.81,0.81,1.00,0.66,0.81,0.54,0.66,0.54,0.66,1.00,0.66,0.66",20,,
au,sciatica pain so bad can't walk,sciatica,,,,,480,56,0.00,0.00,1260000,Informational,"Image, Video Carousel, Related Searches, Discussions And Forums, AI Overview, Site Links, Video","0.45,0.45,0.45,0.36,0.36,0.30,0.36,0.36,0.30,0.20,0.08,0.08",20,,
au,sciatica treatment for,sciatica,,,,,480,39,0.53,0.61,27100000,Informational,"Site Links, Video, Image, Video Carousel, People Also Ask, Related Searches, Discussions And Forums, AI Overview","0.81,0.81,0.81,0.81,0.81,0.66,0.81,0.81,0.81,0.81,0.81,0.66",20,,
au,stretching exercises for sciatica,sciatica,,,,,480,39,0.00,0.00,163,Informational,"Image, Video Carousel, Related Searches, AI Overview, Site Links, Video","0.02,0.00,0.52,0.01,0.02,0.01,0.02,0.02,0.46,0.52,0.52,0.52",20,,
au,sciatica pain stretches,sciatica,,,,,390,50,0.00,0.00,8690000,Informational,"Video, Image, Video Carousel, People Also Ask, Related Searches, Discussions And Forums, AI Overview","0.06,0.06,0.05,0.06,0.06,0.05,0.05,0.55,0.55,0.62,0.62,0.62",90,,
au,massage and sciatica pain,sciatica,,,,,390,6,1.19,0.96,0,Informational,"Video, Image, Related Searches, Discussions And Forums, AI Overview","1.00,0.54,0.15,1.00,0.44,0.66,0.12,0.36,0.19,0.15,0.66,0.81",90,,
au,how do you treat sciatica,sciatica,,,,,390,70,0.35,0.46,19800000,Informational,"People Also Ask, Related Searches, Discussions And Forums, AI Overview, Video, Image, Video Carousel","0.54,0.54,0.36,0.36,0.44,0.54,0.44,0.66,1.00,0.81,0.66,0.81",90,,
au,exercises to alleviate sciatica,sciatica,,,,,320,66,0.30,0.19,10100000,Informational,"Image, Adwords Bottom, Video Carousel, People Also Ask, Related Searches, AI Overview, Video","0.66,0.54,0.43,0.81,0.66,0.54,0.29,0.54,1.00,0.81,0.81,0.81",90,,
au,exercise for sciatica,sciatica,,,,,320,40,0.00,0.00,30400000,Informational,"People Also Ask, Related Searches, Discussions And Forums, AI Overview, Video, Image, Video Carousel","0.39,0.32,0.39,0.39,0.39,0.32,0.39,0.32,0.32,0.26,0.26,0.26",90,,
au,stretches for the sciatica,sciatica,,,,,390,51,0.00,0.00,160,Informational,"Related Searches, AI Overview, Video, Image, Video Carousel","0.00,0.00,0.00,1.00,0.00,0.00,0.00,0.00,0.00,0.00,0.00,0.00",90,,
au,exercises to ease sciatica,sciatica,,,,,320,51,0.30,0.19,3420000,Informational,"Related Searches, Discussions And Forums, AI Overview, Video, Image, Adwords Bottom, Video Carousel, People Also Ask","0.66,0.54,0.43,0.81,0.66,0.54,0.29,0.54,1.00,0.81,0.81,0.81",90,,
au,exercises to reduce sciatica,sciatica,,,,,320,26,0.30,0.19,15200000,Informational,"Video, Image, Video Carousel, People Also Ask, Related Searches, AI Overview","0.66,0.54,0.43,0.81,0.66,0.54,0.29,0.54,1.00,0.81,0.81,0.81",90,,
au,exercises to relieve sciatica,sciatica,,,,,320,48,0.30,0.19,16100000,Informational,"Related Searches, Discussions And Forums, AI Overview, Video, Image, Video Carousel, People Also Ask","1.00,0.66,0.66,0.82,0.66,0.53,0.82,0.66,0.66,0.82,1.00,1.00",90,,
au,how long does sciatica last,sciatica,,,,,320,36,0.00,0.00,29800000,Informational,"AI Overview, Video, People Also Ask, Related Searches","1.00,0.81,1.00,0.81,0.54,0.43,0.43,0.66,0.81,0.81,0.66,0.66",90,,
au,how to fix sciatica,sciatica,,,,,320,64,0.00,0.00,28500000,Informational,"Image, Video Carousel, Related Searches, Discussions And Forums, AI Overview, Image Pack, Video","0.36,0.36,0.20,0.24,0.10,0.10,0.10,0.08,0.10,1.00,0.10,0.10",90,,
au,headache,headaches,,,,,8100,82,0.95,0.11,153,Informational,"Video, Related Searches, AI Overview, Image Pack","0.66,0.81,0.81,0.66,0.66,0.66,0.66,0.66,1.00,0.44,0.66,0.44",60,,
au,tension headache,headaches,,,,,8100,69,0.76,0.16,123000000,Informational,"Image, Video Carousel, Related Searches, AI Overview, Image Pack, Video","0.81,0.81,1.00,0.81,0.81,0.81,0.81,0.81,0.81,0.66,0.66,0.44",75,,
au,cluster headaches and,headaches,,,,,6600,67,0.51,0.13,154,Informational,"Video, Image, Video Carousel, Related Searches, AI Overview","0.66,0.81,0.81,0.66,0.66,0.24,0.00,0.04,0.29,0.44,0.29,0.29",90,,
au,cluster headaches,headaches,,,,,5400,80,0.51,0.13,32800000,Informational,"Image, Related Searches, AI Overview, Image Pack, Video","0.54,0.66,1.00,0.81,0.81,0.81,0.81,0.81,0.66,0.66,0.66,0.54",75,,
au,headache and headache,headaches,,,,,5400,80,0.95,0.11,120000000,Informational,"Image Pack, Video, Related Searches, Discussions And Forums, AI Overview","0.19,0.29,0.66,0.66,0.81,0.44,0.00,0.07,1.00,0.54,0.54,0.36",90,,
au,cluster headache,headaches,,,,,4400,57,0.51,0.13,149,Informational,"Video, Image, Related Searches, AI Overview, Image Pack","0.19,0.19,0.16,0.19,0.16,0.16,0.08,0.19,0.16,0.10,0.13,0.13",75,,
au,headache behind eyes,headaches,,,,,4400,53,0.91,0.17,144,Informational,"Image Pack, Video, Image, Related Searches, Discussions And Forums, AI Overview","0.54,0.54,0.66,0.66,0.54,0.54,0.66,0.66,0.66,0.54,0.66,0.54",90,,
au,headache rear of head,headaches,,,,,4400,67,0.86,0.14,119000000,Informational,"Image Pack, Video, Image, Related Searches, Discussions And Forums, AI Overview","0.16,0.23,1.00,1.00,0.54,0.66,0.01,0.16,0.54,0.66,0.54,0.35",90,,
au,sinus headache,headaches,,,,,4400,52,0.43,0.13,213000000,Informational,"Video Carousel, Related Searches, Discussions And Forums, AI Overview, Image Pack, Video, Image","0.44,0.44,0.44,0.66,0.66,0.44,0.66,0.66,0.66,0.44,0.44,0.35",75,,
au,cervicogenic headache,headaches,,,,,3600,56,0.00,0.00,864000,Informational,"AI Overview, Image Pack, Video, Image, Video Carousel, Related Searches, Discussions And Forums","0.80,1.00,1.00,1.00,1.00,1.00,1.00,1.00,1.00,0.80,0.66,0.66",75,,
au,headache and sinus,headaches,,,,,3600,52,0.43,0.13,59600000,Informational,"AI Overview, Video, Image, Video Carousel, Related Searches, Discussions And Forums","0.53,0.44,0.81,1.00,0.81,1.00,0.02,0.24,0.81,0.66,0.44,0.66",90,,
au,headache and types,headaches,,,,,3600,89,0.88,0.11,120000000,Informational,"Related Searches, AI Overview, Image Pack, Video, Image","0.66,0.28,0.24,1.00,0.66,0.81,0.01,0.19,0.66,0.81,0.66,0.43",90,,
au,medical migraine headache,headaches,,,,,3600,63,0.99,0.94,38200000,Informational,"Image, Video Carousel, Related Searches, AI Overview, Video","0.28,0.28,0.24,1.00,0.66,0.81,0.01,0.19,0.66,0.81,0.66,0.43",90,,
au,melatonin headaches side effects,headaches,,,,,3600,71,0.02,0.06,7150000,Informational,"Site Links, Video, Image, Related Searches, Discussions And Forums, AI Overview","0.28,0.28,0.43,1.00,0.66,0.81,0.01,0.19,0.66,0.81,0.66,0.54",20,,
au,types of headaches,headaches,,,,,3600,84,0.00,0.00,151,Informational,"Related Searches, AI Overview, Image Pack, Site Links, Video, Image, Video Carousel","0.29,0.66,0.35,0.54,0.54,0.44,0.54,0.54,0.54,0.44,0.29,0.44",20,,
au,headache back of head,headaches,,,,,2900,65,0.86,0.14,118000000,Informational,"Image Pack, Video, Image, Related Searches, Discussions And Forums, AI Overview","0.81,0.81,0.81,0.81,0.81,0.65,0.65,0.65,0.65,0.54,0.65,0.54",90,,
au,headache types,headaches,,,,,2400,83,0.84,0.21,150,Informational,"AI Overview, Image Pack, Site Links, Video, Image, Video Carousel, Related Searches","0.28,0.28,0.36,0.28,0.36,0.28,0.43,0.43,0.36,0.36,0.36,0.36",20,,
au,how to get rid of a headache,headaches,,,,,2400,62,0.64,0.23,142,Informational,"Discussions And Forums, AI Overview, Site Links, Video, Image, Related Searches","0.28,0.28,0.36,0.36,0.36,0.43,0.43,0.43,0.24,0.36,0.28,0.28",20,,
au,migraine headache,headaches,,,,,1900,68,0.59,0.25,53500000,Informational,"Related Searches, Discussions And Forums, AI Overview, Image Pack, Video, Image, Video Carousel","0.16,1.00,0.16,0.19,0.19,0.16,0.12,0.12,0.16,0.12,0.10,0.10",75,,
au,migraine headache symptoms,headaches,,,,,1900,62,0.40,0.40,56700000,Informational,"Image Pack, Video, Image, Related Searches, Discussions And Forums, AI Overview","0.28,0.54,0.28,0.43,0.54,1.00,0.05,0.05,0.05,0.04,0.07,0.04",90,,
au,headaches,headaches,,,,,1600,80,0.95,0.11,0,Informational,"Image, Related Searches, AI Overview, Image Pack, Video","0.29,0.10,0.24,0.29,0.18,0.29,0.35,0.29,0.53,0.53,0.29,0.35",60,,
au,how to rid of a headache,headaches,,,,,1600,45,0.93,0.23,106000000,Informational,"Site Links, Video, Featured Snippet, Video Carousel, People Also Ask, Related Searches, Discussions And Forums","0.65,0.30,0.44,1.00,0.65,0.65,0.05,0.44,0.82,0.65,0.82,0.65",20,,
au,waking up with a headache,headaches,,,,,1600,38,0.28,0.16,108000000,Informational,"Image, People Also Ask, Related Searches, AI Overview, Image Pack, Video","0.44,0.36,0.44,0.52,0.44,0.44,0.44,0.52,0.44,0.44,0.44,0.36",90,,
au,kinds of headache,headaches,,,,,1600,84,0.88,0.11,110000000,Informational,"Image Pack, Featured Snippet, Image, Adwords Bottom, People Also Ask, Related Searches, Discussions And Forums, Video, Video Carousel","0.03,0.02,0.03,1.00,0.66,0.04,0.01,0.19,0.01,0.01,0.66,0.43",80,,
au,aura in migraine headaches,headaches,,,,,1300,0,0.27,0.04,1750000,Informational,"Video, Image, People Also Ask, Related Searches, AI Overview","0.03,0.03,0.03,0.03,0.03,0.03,0.03,0.54,1.00,0.81,1.00,0.81",,,
au,cluster headache treatment,headaches treatment,,,,,1000,61,0.00,0.00,40300000,Informational,"Featured Snippet, Image, People Also Ask, Related Searches, Discussions And Forums, Image Pack, Video","0.52,0.52,0.37,0.68,0.84,0.84,0.68,0.68,0.37,0.68,0.31,0.31",80,,
au,sinus headache treatment,headaches treatment,,,,,590,46,0.00,0.00,178,Informational,"Video, Image, Related Searches, Discussions And Forums, AI Overview","0.02,0.08,0.13,1.00,0.67,0.67,0.76,0.55,0.45,0.36,0.30,0.30",90,,
au,tension headache treatment,headaches treatment,,,,,590,52,0.00,0.00,111000000,Informational,"Image Pack, Site Links, Video Carousel, People Also Ask, Discussions And Forums, Video, Image, Related Searches, AI Overview","1.00,0.16,0.20,0.25,0.25,0.16,0.25,0.37,0.37,0.31,0.16,0.16",20,,
au,tension type headache treatment,headaches treatment,,,,,590,43,0.00,0.00,75300000,Informational,"Image, Video Carousel, People Also Ask, Related Searches, Discussions And Forums, AI Overview, Image Pack, Video","0.76,0.76,0.00,0.76,0.05,0.00,0.76,0.67,0.67,0.76,0.10,0.10",90,,
au,headache alternative treatment,headaches treatment,,,,,480,36,0.32,0.43,65200000,Informational,"Related Searches, AI Overview, Site Links, Image, People Also Ask","0.72,0.39,0.32,0.72,0.59,1.00,0.17,0.39,0.59,0.48,0.48,0.32",20,,
au,headache treatment,headaches treatment,,,,,480,61,0.00,0.00,0,Informational,"AI Overview, Image Pack, Site Links, Video, Image, Related Searches","0.44,0.29,0.44,0.54,0.44,0.29,0.81,1.00,1.00,0.81,0.67,0.44",20,,
au,cervicogenic headache treatment,headaches treatment,,,,,390,28,0.00,0.00,820000,Informational,"Discussions And Forums, AI Overview, Image Pack, Video, Image, Video Carousel, People Also Ask, Related Searches","0.44,0.54,0.54,0.54,0.54,0.36,0.66,1.00,0.81,0.54,0.66,0.54",90,,
au,cluster headaches treatments,headaches treatment,,,,,390,64,0.00,0.00,0,Informational,"Image, Related Searches, Discussions And Forums, AI Overview, Image Pack, Site Links, Video","0.44,0.54,0.44,0.29,0.29,0.44,0.67,0.67,0.36,0.29,0.29,0.23",20,,
au,over the counter treatment for migraine headaches,headaches treatment,,,,,390,47,1.00,0.97,0,Informational,"Site Links, Video, Image, Related Searches, Discussions And Forums, AI Overview","0.15,0.15,0.15,0.29,0.23,0.19,0.29,1.00,1.00,1.00,0.81,0.67",20,,
au,tension headache treatments,headaches treatment,,,,,390,50,0.00,0.00,52500000,Informational,"Video, Image, Video Carousel, People Also Ask, Related Searches, Discussions And Forums, AI Overview, Image Pack","0.45,0.36,0.36,0.36,0.30,0.03,0.45,0.45,0.20,0.16,0.05,0.05",90,,
au,sinusitis headaches treatment,headaches treatment,,,,,320,56,0.94,0.41,13100000,Informational,"Video Carousel, People Also Ask, Related Searches, AI Overview, Video, Image","1.00,0.54,0.43,0.81,0.81,0.54,0.18,0.66,0.66,0.66,0.43,0.43",90,,
au,treatment for migraines headaches,headaches treatment,,,,,320,80,1.02,0.56,17300000,Informational,"Image, Video Carousel, People Also Ask, Related Searches, AI Overview","0.05,0.08,0.00,0.00,0.00,1.00,0.01,0.05,0.13,0.10,0.05,0.13",90,,
au,headache treatments,headaches treatment,,,,,210,77,0.00,0.00,115000000,Informational,"Discussions And Forums, AI Overview, Image Pack, Site Links, Video, Image, People Also Ask, Related Searches","0.66,0.53,0.53,0.35,0.53,0.43,1.00,0.53,0.53,0.35,0.12,0.17",20,,
au,migraine headache treatment,headaches treatment,,,,,260,63,0.00,0.00,0,Informational,"Video, Image, Video Carousel, Related Searches, Discussions And Forums, AI Overview, Image Pack","0.01,0.15,0.09,0.19,0.15,0.06,0.66,0.66,1.00,0.44,0.09,0.54",90,,
au,cervicogenic headache treatment at home,headaches treatment,,,,,140,9,0.00,0.00,0,Informational,"AI Overview, Image Pack, Video, Image, Related Searches, Discussions And Forums","0.80,0.80,0.80,1.00,0.80,0.66,0.66,0.52,0.52,0.42,0.42,0.42",90,,
au,chiropractic headache treatment,headaches treatment,,,,,140,6,0.00,0.00,3440000,"Informational, Commercial","People Also Ask, Related Searches, Discussions And Forums, AI Overview, Video, Image, Video Carousel","0.34,0.28,0.34,0.34,0.28,0.28,0.65,0.65,0.81,0.53,1.00,0.81",90,,
au,cluster migraine headaches treatment,headaches treatment,,,,,140,54,1.06,0.48,1180000,Informational,"People Also Ask, Related Searches, Video, Image, Video Carousel","0.82,0.82,0.64,0.82,0.82,0.82,1.00,1.00,0.52,0.52,0.52,0.52",90,,
au,headache treatment gold coast,headaches treatment,,,,,140,0,0.00,0.00,,,,"0.00,0.00,0.00,0.00,0.00,0.00,0.43,0.66,0.66,0.53,0.66,1.00",,,
au,spinal headache treatment,headaches treatment,,,,,110,47,0.00,0.00,76100000,Informational,"Related Searches, Discussions And Forums, AI Overview, Image Pack, Video, Image, People Also Ask","0.52,0.42,0.66,0.52,0.42,0.42,0.66,0.66,0.33,0.52,1.00,0.42",90,,
au,best headache treatments,headaches treatment,,,,,90,0,0.96,0.68,,,,"0.50,0.50,0.64,0.78,0.64,1.00,1.00,1.00,1.00,0.35,0.35,0.50",,,
au,lower back pain treatment near me,lower back pain treatment near me,,,,,20,0,0.00,0.00,,,,"0.09,0.00,0.09,0.09,0.00,0.09,0.36,0.36,0.27,0.45,0.45,0.45",,,
au,lower lumbar pain exercises,lumbar pain,,,,,3600,52,0.27,0.13,70000000,Informational,"Site Links, Video, Image, Video Carousel, Related Searches, AI Overview","0.24,0.35,0.81,1.00,0.81,1.00,0.02,0.24,0.81,1.00,0.81,0.53",20,,
au,intense lumbar pain,lumbar pain,,,,,1000,64,0.55,0.32,0,Informational,"Image Pack, Video, Image, Related Searches, Discussions And Forums, AI Overview","1.00,1.00,1.00,1.00,1.00,1.00,0.24,0.67,0.67,0.76,0.55,0.67",90,,
au,left lower lumbar back pain,lumbar pain,,,,,1000,64,0.00,0.00,13600000,Informational,"Image, Video Carousel, People Also Ask, Related Searches, AI Overview, Video","0.66,0.80,1.00,1.00,0.00,0.00,0.00,0.00,0.00,0.00,0.00,0.00",90,,
au,left lower lumbar pain,lumbar pain,,,,,320,50,0.00,0.00,150,Informational,"Related Searches, Discussions And Forums, AI Overview, Image Pack, Site Links, Video, Image, Video Carousel","0.00,0.00,0.00,1.00,0.00,0.00,0.00,0.00,0.00,0.00,0.00,0.00",20,,
au,back pain in lumbar spine,lumbar pain,,,,,260,66,0.99,0.28,157000000,Informational,"Related Searches, Image Pack, Video, Featured Snippet, Image, People Also Ask","0.00,0.43,0.66,0.82,1.00,0.53,0.53",80,,
au,lumbar pain,lumbar pain,,,,,260,69,0.00,0.00,120000000,Informational,"AI Overview, Image Pack, Video, Image, Video Carousel, People Also Ask, Related Searches, Discussions And Forums","0.66,0.54,0.66,0.54,0.54,0.54,0.66,0.54,0.29,0.35,0.29,0.66",75,,
au,best mattress for lumbar pain,lumbar pain,,,,,210,28,1.81,1.00,208,Commercial,"AI Overview, Site Links, Video, Image, Popular Products, Related Searches","0.80,0.53,0.65,1.00,1.00,1.00,0.42,0.65,1.00,1.00,0.80,0.65",20,,
au,lumbar pain yoga,lumbar pain,,,,,210,34,0.83,0.08,0,Informational,"Video, Image, Video Carousel, Related Searches, Discussions And Forums, AI Overview","0.82,1.00,0.00,0.00,0.00,0.00,0.00,0.66,0.82,0.82,0.82,0.82",90,,
au,lumbar back pain,lumbar pain,,,,,170,50,0.00,0.00,151,Informational,"AI Overview, Video, Video Carousel, People Also Ask, Related Searches","0.19,0.19,0.19,0.19,0.19,0.02,0.23,0.29,0.19,0.23,0.05,0.04",90,,
au,deadlift lumbar pain,lumbar pain,,,,,140,16,0.68,0.05,7150000,Informational,"Video, Image, People Also Ask, Related Searches, Discussions And Forums, AI Overview","0.80,0.53,0.42,0.53,0.53,0.53,0.42,0.53,0.65,0.53,0.53,0.34",90,,
au,lower lumbar back pain symptoms,lumbar pain,,,,,140,69,0.19,0.12,350000000,Informational,"Video, Image, Video Carousel, People Also Ask, Related Searches, AI Overview","0.00,0.00,0.44,1.00,0.81,0.00,0.00,0.00,0.00,0.00,0.00,0.01",90,,
au,lower lumbar pain when bending over,lumbar pain,,,,,140,36,0.51,0.14,30500000,Informational,"People Also Ask, Related Searches, Discussions And Forums, AI Overview, Site Links, Video, Image, Video Carousel","0.66,0.66,0.52,0.66,0.66,0.66,0.52,0.66,0.80,0.80,0.66,0.80",20,,
au,lumbar facet joint pain symptoms,lumbar pain,,,,,140,16,0.00,0.00,152,Informational,"Image Pack, Video, Image, Video Carousel, Related Searches, AI Overview","0.80,0.80,0.42,0.53,0.65,0.65,0.65,0.65,0.53,0.53,0.42,0.34",90,,
au,lumbar pain exercises pdf,lumbar pain,,,,,140,39,0.82,0.03,26600000,Informational,"People Also Ask, Related Searches, Image Pack, Video, Image","0.64,0.82,0.64,0.64,0.82,0.82,0.64,0.82,1.00,1.00,0.82,0.82",90,,
au,waking up with lumbar pain,lumbar pain,,,,,140,48,0.46,0.06,152,Informational,"Image Pack, Site Links, Video, Image, Related Searches, Discussions And Forums, AI Overview","1.00,0.66,0.52,1.00,0.66,0.52,0.52,0.52,0.52,0.52,0.52,0.42",20,,
au,what cause lumbar pain,lumbar pain,,,,,140,56,0.00,0.00,207000000,Informational,"Image Pack, Video, Image, Video Carousel, Related Searches, Discussions And Forums, AI Overview","0.00,0.00,0.54,0.66,1.00,0.44,0.00,0.00,0.00,0.00,0.00,0.00",90,,
au,lumbar fascia pain,lumbar pain,,,,,110,24,0.78,0.03,0,Informational,"Image Pack, Video, Image, Related Searches, Discussions And Forums, AI Overview","0.34,0.42,0.42,0.42,0.42,0.42,0.26,0.42,0.42,0.65,0.53,0.42",90,,
au,left lumbar region pain,lumbar pain,,,,,90,52,0.00,0.33,149,Informational,"AI Overview, Image Pack, Video, Image, Related Searches, Discussions And Forums","0.11,0.11,1.00,0.64,0.64,0.64,0.64,0.64,0.41,0.41,0.41,0.23",90,,
au,lumbar spine pain,lumbar pain,,,,,110,46,0.00,0.00,1760000000,Informational,"Image, People Also Ask, Related Searches, Image Pack, Video, Featured Snippet","0.29,0.22,0.35,0.18,0.22,0.29,0.29,0.35,0.29,0.29,0.04,0.18",80,,
au,lumbar pain relief,lumbar pain,,,,,110,48,0.00,0.00,0,Informational,"Discussions And Forums, AI Overview, Image Pack, Site Links, Video, Image, Video Carousel, Related Searches","0.06,0.06,0.00,0.06,0.06,0.00,0.81,1.00,0.21,0.81,0.12,1.00",20,,
au,lumbar pain left side,lumbar pain,,,,,90,63,0.43,0.08,200000000,Informational,"Video, Image, Video Carousel, Related Searches, Discussions And Forums, AI Overview, Image Pack, Site Links","0.52,0.64,0.52,0.52,0.52,0.52,0.41,0.52,0.41,0.41,0.29,0.52",20,,
au,right lumbar region pain,lumbar pain,,,,,90,40,0.00,0.02,23300000,Informational,"Video, Image, Related Searches, Discussions And Forums, AI Overview, Image Pack","1.00,1.00,0.63,0.63,0.81,0.81,0.63,0.81,0.63,0.63,0.63,0.63",90,,
au,lumbar pain remedy,lumbar pain,,,,,90,63,0.90,0.60,0,Informational,"Image, Video Carousel, Related Searches, Discussions And Forums, AI Overview, Image Pack, Video","1.00,0.29,0.29,0.64,0.29,0.82,0.29,0.52,0.64,0.29,0.52,0.52",90,,
au,how to cure lumbar pain,lumbar pain,,,,,50,0,0.86,0.57,,,,"0.18,0.18,0.00,0.00,0.09,0.09,0.81,0.81,0.81,1.00,0.63,0.81",,,
au,treating lumbar pain,lumbar pain,,,,,50,54,0.00,0.00,204000000,Informational,"Video, Image, Video Carousel, People Also Ask, Related Searches, Discussions And Forums, AI Overview","1.00,1.00,0.22,0.55,0.00,0.00",90,,
au,lumbar spine pain stretches,lumbar pain,,,,,50,0,0.00,0.00,,,,"0.00,0.00,0.00,0.00,0.00,0.09,1.00,0.81,0.63,1.00,0.81,0.81",,,
au,lumbar pain chiropractic,lumbar pain,,,,,50,0,0.00,0.00,,,,"1.00,0.40,0.80,1.00,1.00",,,
au,lower lumbar pain left side,lumbar pain,,,,,50,52,0.00,0.03,312000000,Informational,"AI Overview, Image Pack, Site Links, Video, Image, Video Carousel, Related Searches","0.09,0.09,0.52,0.09,0.09,0.33,0.33,0.42,0.33,0.33,0.09,0.09",20,,
au,how to help lumbar back pain,lumbar pain,,,,,40,0,0.00,0.24,,,,"1.00,0.14,0.28,0.28,0.14,0.78,0.14,0.14,0.14,0.14,0.14,0.14",,,
au,lower back pain,back pain,,,,,14800,68,0.00,0.00,1190000000,Informational,"Related Searches, Discussions And Forums, AI Overview, Image Pack, Video, Image, Video Carousel","0.81,0.66,0.81,0.81,0.81,0.66,0.81,0.81,0.66,0.66,0.81,0.66",90,,
au,back pain in the lower,back pain,,,,,6600,54,0.91,0.27,650000000,Informational,"AI Overview, Image Pack, Video, Image, Video Carousel, Related Searches","0.08,0.24,0.00,0.44,0.54,0.29,0.00,0.04,1.00,0.66,0.54,0.44",90,,
au,back stretching exercises for lower back pain,back pain,,,,,6600,29,0.42,0.30,163,Informational,"Image Pack, Site Links, Video, Image, Video Carousel, Related Searches, AI Overview","0.00,0.29,0.16,0.66,0.66,0.29,0.00,0.05,1.00,0.81,0.66,0.54",20,,
au,pain bottom back,back pain,,,,,6600,60,0.91,0.27,1170000000,Informational,"AI Overview, Image Pack, Video, Image, Video Carousel, Related Searches","0.08,0.24,0.13,0.44,0.54,0.29,0.00,0.04,1.00,0.66,0.54,0.44",90,,
au,back pain,back pain,,,,,5400,73,1.03,0.33,1190000000,Informational,"Video, Image, Related Searches, Discussions And Forums, AI Overview, Image Pack","0.54,0.54,0.81,0.54,0.54,0.54,0.66,0.66,0.54,0.54,0.44,0.44",75,,
au,pain from the back,back pain,,,,,5400,72,1.03,0.33,1180000000,Informational,"Video Carousel, Related Searches, See Results About, AI Overview, Video, Image","1.00,0.81,1.00,0.81,1.00,0.81,0.81,0.81,0.81,0.66,0.66,0.54",90,,
au,back is in pain,back pain,,,,,3600,93,1.03,0.33,1190000000,Informational,"Site Links, Video, Image, Video Carousel, Related Searches, Discussions And Forums, AI Overview, Image Pack","0.44,0.44,1.00,1.00,0.81,0.53,0.35,0.66,1.00,0.66,0.44,0.53",20,,
au,pains back,back pain,,,,,3600,67,1.03,0.33,1270000000,Informational,"Video, Image, Video Carousel, Related Searches, AI Overview","0.81,0.35,0.81,1.00,0.81,1.00,0.00,0.24,0.81,0.66,0.81,0.66",75,,
au,stretches for lower back pain,back pain,,,,,3600,28,0.00,0.00,751000000,Informational,"Video, Image, Video Carousel, Related Searches, Discussions And Forums, AI Overview, Image Pack","0.19,0.24,0.24,0.24,0.29,0.19,1.00,0.81,0.19,0.19,0.16,0.13",90,,
au,back pain relief,back pain,,,,,2900,39,0.00,0.00,1190000000,Informational,"Related Searches, AI Overview, Image Pack, Video, Image, Video Carousel","0.81,0.54,1.00,0.54,0.54,0.54,0.65,0.65,0.54,0.65,0.54,0.65",90,,
au,lower back pain causes,back pain,,,,,2900,48,0.00,0.00,594000000,Informational,"Discussions And Forums, AI Overview, Video, Image, Video Carousel, Related Searches","0.81,0.65,0.54,0.65,0.65,0.54,0.65,0.65,0.54,0.54,0.54,0.43",90,,
au,aching pain lower left back,back pain,,,,,2400,43,0.37,0.07,28500000,Informational,"Image, Video Carousel, Related Searches, Discussions And Forums, AI Overview, Image Pack, Site Links, Video","0.65,1.00,0.82,1.00,1.00,0.82,0.04,0.44,1.00,0.65,0.82,0.82",20,,
au,exercises for lower back pain,back pain,,,,,2400,53,0.37,0.52,203,Informational,"Video, Image, Video Carousel, Related Searches, AI Overview","0.65,0.43,0.54,0.54,0.43,0.54,0.65,0.54,0.54,0.54,0.54,0.43",90,,
au,fitness lower back pain,back pain,,,,,2400,45,0.37,0.52,1180000000,Informational,"Site Links, Video, Image, Video Carousel, Related Searches, Discussions And Forums, AI Overview","0.66,0.80,1.00,0.80,0.80,0.66,0.03,0.36,0.80,0.66,0.66,0.66",20,,
au,high back pains,back pain,,,,,2400,66,0.94,0.22,225,Informational,"AI Overview, Video, Image, Video Carousel, Related Searches","0.80,0.80,1.00,0.80,0.80,0.66,0.03,0.36,0.66,0.52,0.66,0.52",90,,
au,upper back aches and pains,back pain,,,,,2400,61,0.94,0.22,148,Informational,"Video, Image, Video Carousel, Related Searches, Discussions And Forums, AI Overview","0.66,0.80,1.00,0.80,0.80,0.66,0.03,0.36,0.66,0.52,0.66,0.52",90,,
au,upper back pain,back pain,,,,,2400,62,0.00,0.00,1090000000,Informational,"Featured Snippet, Image, Video Carousel, Related Searches, Discussions And Forums, Image Pack, Video","0.82,0.65,0.82,0.82,0.82,0.82,0.82,0.82,0.65,0.65,0.65,0.65",80,,
au,back pain hip,back pain,,,,,1900,42,0.52,0.13,929000000,Informational,"Image Pack, Video, Image, Video Carousel, Related Searches, Discussions And Forums, AI Overview","0.66,0.80,1.00,0.80,0.52,0.07,0.03,0.36,0.52,0.52,0.44,0.52",90,,
au,back painful,back pain,,,,,1900,83,1.03,0.33,153,Informational,"Site Links, Video, Image, Video Carousel, Related Searches, AI Overview, Image Pack","1.00,0.43,0.00,0.00,0.00,0.00,0.03,0.29,1.00,0.81,1.00,0.81",20,,
au,low back pain,back pain,,,,,1900,54,0.00,0.00,0,Informational,"Image Pack, Video, Video Carousel, Related Searches, AI Overview","0.23,0.29,0.29,0.66,0.16,0.16,0.16,0.29,0.12,0.16,0.10,0.23",90,,
au,lower back pain exercises,back pain,,,,,1900,26,0.00,0.00,1110000000,Informational,"Image Pack, Video, Image, Video Carousel, Related Searches, AI Overview","0.44,0.35,0.35,0.35,0.35,0.35,0.44,0.35,0.35,0.29,0.24,0.24",90,,
au,lower back pain hip joint pain,back pain,,,,,1900,42,0.52,0.13,546000000,Informational,"Site Links, Video, Image, Video Carousel, Related Searches, Discussions And Forums, AI Overview","0.66,0.80,1.00,0.80,0.52,0.44,0.03,0.36,0.52,0.52,0.44,0.52",20,,
au,lower hip back pain,back pain,,,,,1900,29,0.52,0.13,144,Informational,"Video, Image, Video Carousel, Related Searches, Discussions And Forums, AI Overview, Image Pack","0.24,0.80,1.00,0.80,0.52,0.44,0.03,0.36,0.52,0.52,0.44,0.52",90,,
au,back of the skull pain,back pain,,,,,1600,49,0.88,0.10,226000000,Informational,"Video, Image, Video Carousel, People Also Ask, Related Searches, Discussions And Forums, AI Overview, Image Pack","0.66,0.54,0.66,0.79,0.79,1.00,0.05,0.66,0.79,0.66,0.54,0.54",90,,
au,back pain red flags,back pain,,,,,1600,42,0.00,0.00,115000000,Informational,"AI Overview, Image Pack, Video, Image, Video Carousel, People Also Ask, Related Searches","0.82,0.44,0.55,0.55,0.65,0.55,0.55,0.65,0.44,0.44,0.44,0.34",90,,
au,best mattress for back pain,back pain,,,,,1600,9,1.69,1.00,208,Commercial,"AI Overview, Site Links, Video, Popular Products, Related Searches, Discussions And Forums","0.84,0.68,0.84,0.68,0.84,0.68,0.84,0.84,0.84,0.84,1.00,0.84",20,,
au,lower back pain relief,back pain,,,,,1600,47,0.00,0.00,1120000000,Informational,"Image, Video Carousel, People Also Ask, Related Searches, AI Overview, Image Pack, Video","0.66,1.00,0.66,0.54,1.00,0.54,0.66,0.54,0.54,0.54,1.00,0.54",90,,
au,pain lower back causes,back pain,,,,,1600,54,0.26,0.33,384000000,Informational,"Related Searches, Discussions And Forums, AI Overview, Image Pack, Video, Image, Video Carousel","0.16,0.02,0.00,1.00,0.81,0.81,0.03,0.54,0.03,0.02,0.54,0.43",90,,
au,back bottom left side pain,back pain,,,,,1300,45,0.36,0.09,135,Informational,"People Also Ask, Related Searches, AI Overview, Image Pack, Site Links, Video, Image","0.84,0.68,0.84,1.00,0.00,0.84,0.07,0.68,0.84,0.84,0.84,0.84",20,,
au,back pain at hip,back pain,,,,,1300,34,0.57,0.15,943000000,Informational,"Image, Video Carousel, Discussions And Forums, AI Overview, Image Pack, Video, People Also Ask, Related Searches, Site Links","0.66,0.80,1.00,0.80,0.52,0.07,0.00,0.00,0.00,0.00,0.00,0.00",20,,
au,head pain at the back,back pain,,,,,1300,60,0.88,0.10,790000000,Informational,"Image Pack, Video, Image, People Also Ask, Related Searches, Discussions And Forums, AI Overview","0.00,0.24,0.01,1.00,0.19,0.00,0.00,0.00,0.02,0.00,0.00,0.01",90,,
au,lower back pain stretches,back pain,,,,,1300,24,0.00,0.00,1100000000,Informational,"People Also Ask, Related Searches, AI Overview, Site Links, Video, Image, Video Carousel","0.35,0.29,1.00,0.13,0.10,0.13,0.13,0.13,0.13,0.24,0.10,0.10",20,,
au,neck aches and pains,neck pain,,,,,3600,62,0.56,0.38,149,Informational,"Video, Related Searches, AI Overview","1.00,0.54,1.00,1.00,1.00,0.81,0.03,0.29,1.00,0.81,1.00,0.81",90,,
au,neck pain,neck pain,,,,,3600,62,0.00,0.00,1500000000,Informational,"AI Overview, Image Pack, Video, Image, Video Carousel, Related Searches","0.66,0.54,0.66,0.54,0.66,0.54,0.81,0.81,0.66,0.43,0.43,0.43",75,,
au,pain in neck and,neck pain,,,,,2900,64,0.56,0.38,148,Informational,"Related Searches, AI Overview, Video, Image, Video Carousel","0.00,1.00,1.00,1.00,0.81,0.03,0.29,1.00,0.81,1.00,0.81",90,,
au,best pillow for neck pain,neck pain,,,,,1900,13,0.99,1.00,216,Commercial,"Video, Image, Popular Products, Related Searches, Discussions And Forums, AI Overview, Site Links","1.00,0.79,0.79,0.66,0.66,0.79,0.79,0.66,0.66,0.66,0.79,0.79",20,,
au,neck is painful,neck pain,,,,,1900,62,0.56,0.38,249000000,Informational,"Related Searches, Discussions And Forums, AI Overview, Image Pack, Video, Image, Video Carousel","0.81,0.44,0.81,0.81,0.81,0.66,0.00,0.00,0.00,0.00,0.00,0.00",90,,
au,pillow and neck pain,neck pain,,,,,1900,16,0.98,1.00,55800000,Informational,"Video Carousel, Related Searches, Discussions And Forums, AI Overview, Site Links, Video, Image","0.79,0.79,0.79,0.79,0.79,0.66,0.08,0.54,1.00,0.79,1.00,0.79",20,,
au,stiff neck and pain,neck pain,,,,,1900,66,0.31,0.11,173000000,Informational,"Image, Video Carousel, Related Searches, Discussions And Forums, AI Overview, Video","0.82,1.00,0.82,1.00,0.65,0.82,0.07,0.44,0.82,0.65,0.82,0.65",90,,
au,best rated pillow for neck pain,neck pain,,,,,1600,22,0.92,1.00,77500000,Commercial,"Image, People Also Ask, Popular Products, Related Searches, AI Overview, Site Links, Video","1.00,0.79,0.79,0.79,0.79,0.66,0.05,0.66,0.79,0.79,0.66,0.66",20,,
au,correct pillow for neck pain,neck pain,,,,,1300,21,0.92,1.00,102000000,Commercial,"Video, Image, Popular Products, AI Overview, Site Links, Video Carousel, People Also Ask, Related Searches, Discussions And Forums","1.00,0.79,0.79,0.79,0.79,0.66,0.10,0.66,0.04,0.04,0.66,0.66",20,,
au,neck is paining,neck pain,,,,,1300,59,0.80,0.35,149,Informational,"Image, People Also Ask, Related Searches, AI Overview, Image Pack, Video","0.00,0.00,0.00,0.00,0.00,0.00,0.03,0.29,1.00,0.81,1.00,0.81",90,,
au,neck pain and headache,neck pain,,,,,1300,45,0.00,0.00,110000000,Informational,"Image Pack, Video, Image, Video Carousel, People Also Ask, Related Searches, Discussions And Forums, AI Overview","0.81,0.62,0.62,0.62,0.81,0.81,0.62,0.55,1.00,0.62,0.62,0.62",90,,
au,neck pain from shoulder,neck pain,,,,,1300,41,0.00,0.00,496000000,Informational,"People Also Ask, Discussions And Forums, Image Pack, Video Carousel, Related Searches, AI Overview, Site Links, Video, Image","0.84,0.84,1.00,1.00,1.00,0.84,0.07,0.84,1.00,0.84,0.05,0.68",20,,
au,neck pain relief,neck pain,,,,,1300,50,0.00,0.00,1320000000,Informational,"Image Pack, Video, Adwords Bottom, Shopping Ads, People Also Ask, Related Searches, Discussions And Forums, Image, Video Carousel, AI Overview","0.34,0.30,0.34,1.00,0.44,0.30,0.44,0.34,0.44,0.55,0.08,0.44",90,,
au,pillow for neck pain,neck pain,,,,,1300,19,0.96,1.00,80900000,Commercial,"Related Searches, Discussions And Forums, AI Overview, Site Links, Video, Image, Popular Products","0.54,0.36,0.66,0.66,0.41,0.54,0.54,0.54,0.66,1.00,0.41,0.36",20,,
au,top rated pillows for neck pain,neck pain,,,,,1300,0,0.92,1.00,20800000,Commercial,"People Also Ask, Popular Products, Related Searches, Discussions And Forums, AI Overview, Site Links, Video, Image","0.07,1.00,1.00,1.00,1.00,0.84,0.07,0.84,1.00,1.00,0.84,0.84",,,
au,aching neck pain,neck pain,,,,,1000,63,0.00,0.00,27100000,Informational,"Image, Video Carousel, People Also Ask, Related Searches, Discussions And Forums, AI Overview, Image Pack, Video","1.00,1.00,1.00,1.00,0.88,0.88,1.00,0.88,0.88,1.00,1.00,1.00",90,,
au,neck and shoulder pain,neck pain,,,,,1000,28,1.02,0.50,591000000,Informational,"Image, People Also Ask, Related Searches, AI Overview, Image Pack, Video","0.54,0.30,0.41,0.54,0.36,0.36,0.54,0.41,0.54,0.20,0.41,0.54",90,,
au,neck pain causes,neck pain,,,,,1000,36,0.00,0.00,1290000000,Informational,"Image Pack, Video, Image, Video Carousel, People Also Ask, Related Searches, AI Overview","0.76,0.76,0.76,0.76,0.67,0.67,1.00,1.00,1.00,0.76,0.76,1.00",90,,
au,side of neck pain left,neck pain,,,,,1000,50,0.29,0.07,791000000,Informational,"Related Searches, Discussions And Forums, AI Overview, Video, Image, Video Carousel, People Also Ask","1.00,1.00,1.00,1.00,0.76,0.76,0.24,0.67,0.76,0.76,0.76,0.67",90,,
au,back and neck pain,neck pain,,,,,880,54,0.00,0.00,1150000000,Informational,"Video Carousel, People Also Ask, Related Searches, Discussions And Forums, AI Overview, Image Pack, Video, Image","1.00,1.00,1.00,1.00,0.88,0.88,1.00,0.88,0.88,1.00,0.72,0.14",90,,
au,great pillow for neck pain,neck pain,,,,,880,13,0.92,1.00,27400000,Commercial,"Popular Products, Related Searches, Discussions And Forums, AI Overview, Site Links, Video, Image, People Also Ask","0.67,0.36,1.00,0.76,0.76,0.76,0.13,0.55,1.00,0.76,0.55,0.67",20,,
au,how to cure neck pain fast,neck pain,,,,,880,39,0.94,0.77,183000000,Informational,"Image Pack, Video, Image, Video Carousel, People Also Ask, Related Searches, Discussions And Forums, AI Overview","1.00,0.76,0.45,0.67,0.67,0.55,0.67,0.76,0.76,0.45,0.36,0.36",90,,
au,neck pain on left side of neck,neck pain,,,,,880,56,0.29,0.07,1060000000,Informational,"People Also Ask, Related Searches, AI Overview, Image Pack, Site Links, Video, Image, Video Carousel","0.45,1.00,1.00,1.00,0.76,0.76,0.24,0.67,0.08,0.10,0.76,0.67",20,,
au,pillows for neck pain,neck pain,,,,,880,15,0.96,1.00,30600000,Commercial,"Site Links, Video, Image, People Also Ask, Popular Products, Related Searches, Discussions And Forums, AI Overview","1.00,0.36,0.45,0.45,0.45,0.76,1.00,0.55,0.67,0.55,1.00,0.55",20,,
au,best cervical pillow for neck pain,neck pain,,,,,720,18,0.92,1.00,9460000,Commercial,"Discussions And Forums, AI Overview, Site Links, Video, Image, People Also Ask, Popular Products, Related Searches","0.13,0.25,0.46,0.52,0.25,0.52,0.08,0.37,0.46,1.00,0.37,0.46",20,,
au,cause of painful neck,neck pain,,,,,720,47,0.22,0.25,1310000000,Informational,"AI Overview, Image Pack, Video, Image, Video Carousel, People Also Ask, Related Searches","1.00,1.00,1.00,1.00,0.67,0.67,0.67,0.67,0.67,0.54,0.54,0.67",90,,
au,cervical pillow for neck pain,neck pain,,,,,720,20,0.96,1.00,9040000,"Informational, Commercial","Image, People Also Ask, Popular Products, Related Searches, Discussions And Forums, AI Overview, Site Links, Video","0.76,0.30,0.30,0.45,0.76,0.55,1.00,0.36,0.55,0.55,0.36,0.45",20,,
au,neck muscle pain,neck pain,,,,,720,67,0.00,0.00,826000000,Informational,"AI Overview, Image Pack, Video, Image, Video Carousel, People Also Ask, Related Searches, Discussions And Forums","0.36,0.62,0.62,0.62,0.62,0.55,0.62,0.20,0.20,0.08,0.04,0.08",90,,
au,stiff neck pain,neck pain,,,,,720,62,0.36,0.09,1020000000,Informational,"Video Carousel, People Also Ask, Related Searches, Discussions And Forums, AI Overview, Image Pack, Video, Image","0.62,0.24,0.24,0.62,0.55,0.20,0.81,0.30,0.45,0.36,0.30,0.36",90,,
au,back of neck pain,neck pain,,,,,590,49,0.00,0.00,145,Informational,"Image, Video Carousel, Related Searches, Discussions And Forums, AI Overview, Image Pack, Video","0.20,0.16,0.01,0.76,0.67,0.16,0.30,0.67,0.67,0.55,1.00,0.06",90,,
au,good pillow for neck pain,neck pain,,,,,590,13,0.99,1.00,128000000,"Informational, Commercial","Site Links, Video, Image, Video Carousel, Popular Products, Related Searches, Discussions And Forums, AI Overview","0.45,0.16,0.30,0.20,0.30,0.62,0.81,0.62,0.45,0.30,0.30,0.30",20,,
au,best pillow for neck pain australia,neck pain,,,,,590,8,1.01,1.00,6830000,Commercial,"Site Links, Video, Image, People Also Ask, Popular Products, Related Searches, Discussions And Forums, AI Overview","0.81,0.81,0.81,1.00,1.00,1.00,1.00,1.00,0.81,1.00,0.81,0.81",20,,
au,neck and head pain,neck pain,,,,,590,68,0.49,0.29,1180000000,Informational,"Image Pack, Image, Video Carousel, Related Searches, Discussions And Forums, AI Overview","0.45,0.08,0.62,0.36,0.36,0.30,0.45,0.36,0.30,0.20,0.45,0.36",90,,
au,neck pain exercises,neck pain,,,,,590,51,0.35,0.51,159,Informational,"Video, Image, Video Carousel, Related Searches, AI Overview","0.81,0.66,0.81,0.81,0.81,0.81,0.66,1.00,0.81,1.00,0.81,0.66",90,,
au,posture corrector,posture,,,,,6600,39,1.11,1.00,227,Informational,"See Results About, AI Overview, Image Pack, Site Links, Video, Image, Related Searches","0.81,0.81,0.81,0.81,0.81,0.66,0.54,0.66,0.81,0.66,0.66,0.66",20,,
au,posture,posture,,,,,1900,66,2.77,0.20,352000000,Informational,"Image Pack, Video, Video Carousel, Related Searches, AI Overview","0.44,0.66,0.52,0.52,0.44,0.66,0.52,0.36,0.44,0.66,0.36,0.44",60,,
au,posture brace,posture,,,,,1600,26,0.75,1.00,0,Informational,"Video Carousel, Related Searches, Short Videos, AI Overview, Image Pack, Site Links, Video, Image","1.00,1.00,1.00,0.84,0.84,0.68,0.84,1.00,0.68,0.84,1.00,0.68",20,,
au,how to fix posture,posture,,,,,1300,53,0.83,0.80,237000000,Informational,"Discussions And Forums, AI Overview, Image Pack, Site Links, Video, Video Carousel, People Also Ask, Related Searches","0.81,0.55,1.00,0.81,1.00,0.62,0.81,0.81,0.62,0.81,0.62,0.62",20,,
au,how can you fix bad posture,posture,,,,,1300,60,0.83,0.80,61400000,Informational,"People Also Ask, Related Searches, Discussions And Forums, AI Overview, Video, Video Carousel","0.84,0.68,0.84,0.84,1.00,0.52,0.13,0.52,0.68,0.84,0.68,0.68",90,,
au,posture for yoga,posture,,,,,1300,36,0.97,0.69,221000000,Informational,"See Results About, Discussions And Forums, AI Overview, Video, Video Carousel, People Also Ask, Related Searches","0.01,0.00,0.01,0.01,0.01,0.01,0.01,0.24,0.81,1.00,0.81,0.81",90,,
au,child's posture,posture,,,,,1000,11,0.00,0.00,192000000,Informational,"Video, Image, Video Carousel, People Also Ask, Related Searches, AI Overview, Image Pack","0.76,0.67,0.76,0.76,0.67,0.67,0.76,0.67,0.67,0.76,0.76,0.76",75,,
au,how to fix bad posture,posture,,,,,1000,55,0.83,0.80,74200000,Informational,"Site Links, Video, Video Carousel, Related Searches, Discussions And Forums, AI Overview","0.55,1.00,0.67,0.67,0.67,0.55,0.67,0.76,0.76,0.76,0.76,0.67",20,,
au,forward head posture,posture,,,,,720,61,0.76,0.11,149000000,Informational,"Video, Image, People Also Ask, Related Searches, AI Overview, Image Pack, Site Links","0.55,0.45,1.00,0.45,0.55,0.36,0.55,0.45,0.45,0.36,0.55,0.45",20,,
au,back posture corrector,posture,,,,,590,41,0.85,1.00,5200000,Informational,"Video Carousel, People Also Ask, Related Searches, Discussions And Forums, Video, Image","0.88,0.59,0.72,0.59,0.72,0.59,0.59,0.72,0.72,0.48,0.59,0.39",90,,
au,exercise and posture,posture,,,,,590,46,0.94,0.22,108000000,"Informational, Transactional","Related Searches, Discussions And Forums, AI Overview, Image Pack, Video, Image, Video Carousel, People Also Ask","1.00,0.13,0.67,0.55,0.67,0.45,0.20,0.30,0.10,0.10,0.55,0.45",90,,
au,good posture,posture,,,,,590,69,2.25,0.10,328000000,Informational,"Video, Image, Video Carousel, Related Searches, Discussions And Forums, AI Overview","0.55,0.45,0.45,0.36,0.45,0.45,0.45,0.45,0.45,0.45,0.30,0.45",75,,
au,chiropractor for posture,posture chiropractor,,,,,140,6,0.00,0.00,0,Commercial,"Local Pack, Video, Related Searches, Discussions And Forums","0.07,0.05,0.05,0.05,0.17,0.12,1.00,1.00,0.66,0.23,0.43,0.43",90,,
au,posture chiropractor,posture chiropractor,,,,,90,0,0.00,0.00,,,,"0.07,0.03,0.07,0.03,0.03,0.03,0.80,1.00,0.53,0.34,0.42,0.42",,,
au,posture correction chiropractor,posture chiropractor,,,,,70,0,0.00,0.00,,,,"0.00,0.04,0.04,0.04,0.04,0.04,0.66,0.66,0.42,0.52,1.00,1.00",,,
au,chiropractor for poor posture,posture chiropractor,,,,,50,0,0.00,0.00,,,,"0.00,0.05,0.00,0.00,0.00,0.00,0.82,1.00,0.52,0.23,0.11,0.52",,,
au,chiropractor posture,posture chiropractor,,,,,50,0,0.00,0.00,,,,"0.05,0.05,0.05,0.05,0.05,0.05,0.41,0.41,0.52,0.52,0.82,1.00",,,
au,chiropractor posture correction,posture chiropractor,,,,,50,0,0.00,0.00,,,,"0.09,0.09,0.09,0.09,0.09,0.09,0.63,0.63,0.63,0.81,1.00,0.81",,,
au,posture chiropractor near me,posture chiropractor,,,,,50,0,0.00,0.39,,,,"0.14,0.14,0.14,0.14,0.14,0.14,0.50,0.50,0.35,0.50,1.00,1.00",,,
au,can chiropractors fix posture,posture chiropractor,,,,,40,0,1.56,0.08,1130000,Informational,"Discussions And Forums, AI Overview, Image Pack, Video, Image, Related Searches","0.63,0.45,0.63,0.45,0.45,0.27,0.45,0.45,0.18,0.18,0.18,0.18",,,
au,chiropractor for posture correction,posture chiropractor,,,,,40,0,0.00,0.00,,,,"0.00,0.11,0.11,0.00,0.00,0.00,0.77,1.00,0.77,0.44,1.00,1.00",,,
au,can chiropractor fix posture,posture chiropractor,,,,,20,0,0.00,0.00,,,,"0.36,0.45,0.18,0.09,0.09,0.00,0.09,0.09,0.00,0.09,0.18,0.09",,,
au,can a chiropractor fix posture,posture chiropractor,,,,,20,0,0.00,0.00,,,,"0.71,0.42,0.14,0.14,0.14,0.14,0.28,0.14,0.00,0.14,0.14,0.14",,,
au,can chiropractors improve posture,posture chiropractor,,,,,20,0,0.00,0.00,,,,"0.66,0.66,0.66,0.66,0.66,0.66,0.66,0.00,0.66,0.66,0.00,0.00",,,
au,sports chiropractor,sports chiropractor,,,,,590,27,0.00,0.00,0,Commercial,"Related Searches, Local Pack, Video, Image","0.03,1.00,0.02,0.03,0.03,0.03,0.16,0.16,0.10,0.07,0.08,0.08",75,,
au,sports chiropractor near me,sports chiropractor,,,,,480,23,2.66,0.51,24500000,Transactional,"People Also Ask, Related Searches, Local Pack, Video, Image","0.67,1.00,0.67,0.36,0.23,0.15,0.54,0.54,0.44,0.54,0.54,0.54",90,,
au,sports injury chiropractor near me,sports chiropractor,,,,,140,42,0.00,0.33,12500000,Transactional,"Local Pack, Video, Image, People Also Ask, Related Searches, AI Overview","0.52,0.23,0.52,0.52,0.52,0.42,0.80,1.00,0.52,0.80,1.00,0.66",90,,
au,sport chiropractor,sports chiropractor,,,,,50,16,0.00,0.00,0,Commercial,"Local Pack, Video, Image, Related Searches","0.23,0.19,0.23,0.19,0.19,0.19,0.52,0.52,0.23,0.23,0.23,0.42",75,,
au,sports injury chiropractor,sports chiropractor,,,,,70,0,0.00,0.00,,,,"0.35,0.21,0.35,0.35,0.28,0.28,0.50,0.78,0.50,0.64,1.00,0.78",,,
au,sports and exercise chiropractor,sports chiropractor,,,,,30,0,0.00,0.00,,,,"0.42,0.57,0.57,1.00,0.71,0.42,0.00,0.00",,,
au,sports chiropractor gold coast,sports chiropractor,,,,,30,0,0.00,0.00,,,,"0.00,0.09,0.09,0.09,0.00,0.00,0.36,0.36,0.27,0.27,0.81,1.00",,,
au,best sports chiropractors near me,sports chiropractor,,,,,20,0,0.00,1.00,,,,"1.00,1.00,1.00,1.00,1.00,1.00,1.00,1.00,0.00,0.00,1.00,1.00",,,
au,chiropractors for sport injuries,sports chiropractor,,,,,20,0,0.00,0.00,,,,"1.00,1.00,0.33,0.33,0.33,0.33",,,
au,best chiropractor near me,best chiropractor near me,,,,,720,7,2.50,0.69,29700000,Transactional,"Local Pack, Video, People Also Ask, Related Searches, Discussions And Forums","0.55,0.36,0.76,0.36,0.36,0.45,0.67,0.67,1.00,0.55,0.45,0.45",90,,
au,chiropractor near me best,best chiropractor near me,,,,,720,17,2.25,0.58,27500000,Transactional,"People Also Ask, Related Searches, Local Pack, Video","0.00,0.81,1.00,0.62,0.36,0.36,0.05,0.24,1.00,0.30,0.30,0.24",90,,
au,chiropractor best near me,best chiropractor near me,,,,,70,0,0.00,0.00,,,,"0.00,0.00,0.01,0.00,0.01,0.01,0.18,0.18,0.18,0.23,0.23,0.23",,,
au,best tmj chiropractor near me,best chiropractor near me,,,,,30,0,0.00,0.00,,,,"0.00,0.00,0.40,0.40,0.40,0.00,0.60,0.80,0.80,1.00,1.00,1.00",,,
au,best back chiropractor near me,best chiropractor near me,,,,,20,0,0.00,0.00,,,,"0.66,0.66,0.66,0.66,0.00,0.66,0.66,0.66,0.66,0.66,0.00,0.00",,,
au,best chiropractor for tmj near me,best chiropractor near me,,,,,20,0,0.00,0.00,,,,"0.00,0.00,0.00,0.00,0.00,0.00,0.60,0.80,0.80,1.00,1.00,1.00",,,
au,best chiropractor near me for back pain,best chiropractor near me,,,,,20,0,2.75,0.82,,,,"0.00,1.00,1.00,1.00,1.00,1.00,0.00,0.00,1.00,1.00,1.00,1.00",,,
au,best neck chiropractor near me,best chiropractor near me,,,,,20,0,0.00,0.00,,,,"0.11,0.11,0.11,0.00,0.11,0.11,0.11,0.11,0.11,0.11,0.11,0.00",,,
au,best rated chiropractor near me,best chiropractor near me,,,,,20,0,3.00,0.89,,,,"0.66,0.66,0.66,0.66,0.66,0.66,0.66,0.66,1.00,0.66,0.66,0.66",,,
au,best reviewed chiropractor near me,best chiropractor near me,,,,,20,0,0.00,0.86,,,,"0.00,0.28,0.28,0.28,0.28,0.28,0.28,0.28,0.28,0.14,0.28,0.28",,,
au,best upper cervical chiropractor near me,best chiropractor near me,,,,,20,0,1.31,0.37,,,,"1.00,1.00,1.00,1.00,1.00,1.00,1.00,1.00,1.00,1.00,1.00,1.00",,,
au,the best chiropractor near me,best chiropractor near me,,,,,20,0,3.72,0.53,,,,"0.28,0.28,0.28,0.28,0.28,0.28,0.42,0.28,0.42,0.28,0.28,0.28",,,
au,who is the best chiropractor near me,best chiropractor near me,,,,,20,0,0.00,0.95,,,,"0.07,0.07,0.07,0.07,0.07,0.07,0.07,0.07,0.07,0.07,0.07,0.07",,,
au,best affordable chiropractor near me,best chiropractor near me,,,,,10,0,0.00,0.00,,,,"0.66,0.00,0.66,0.00,0.00,0.00,0.00,0.66,0.66,0.33,0.66,0.33",,,
au,best cheap chiropractor near me,best chiropractor near me,,,,,10,0,0.00,0.71,,,,"0.00,0.66,0.00,0.66,0.66,0.00,0.00,0.66,0.00,0.66,0.66,0.66",,,
au,best chiropractor for sciatica near me,best chiropractor near me,,,,,10,0,0.00,0.00,,,,"0.00,0.25,0.00,0.00,0.00,0.00,0.00,0.00,0.00,0.00,0.25,1.00",,,
au,best chiropractor near me for neck pain,best chiropractor near me,,,,,10,0,0.00,0.18,,,,"0.00,0.00,0.00,0.00,1.00,1.00,0.00,1.00,0.00,0.00,0.00,1.00",,,
au,best chiropractor near me for sciatica,best chiropractor near me,,,,,10,0,0.00,0.00,,,,"1.00,0.00,0.00,0.00,0.00,0.00,1.00,0.00,0.00,1.00,0.00,0.00",,,
au,best chiropractor near me open now,best chiropractor near me,,,,,10,0,0.00,0.00,,,,"1.00,1.00,0.00,1.00,0.00,0.00,0.00,0.00,1.00,1.00,0.00,0.00",,,
au,best chiropractor near me prices,best chiropractor near me,,,,,10,0,0.00,0.00,,,,"0.00,0.66,0.66,0.00,0.00,0.66,0.00,0.00,0.00,0.00,0.00,0.00",,,
au,best chiropractors near me,best chiropractor near me,,,,,10,0,0.00,0.00,,,,"0.00,0.02,0.02,0.02,0.02,0.00,0.10,0.10,0.05,0.02,0.02,0.02",,,
au,best spine chiropractor near me,best chiropractor near me,,,,,10,0,0.00,0.00,,,,"0.50,0.00,1.00,0.00,0.50,0.00,0.00,0.00,0.50,0.50,0.00,0.00",,,
au,chiropractor near me best reviews,best chiropractor near me,,,,,10,0,0.00,0.64,,,,"0.00,0.00,1.00,1.00,0.00,1.00,1.00,1.00,1.00,0.50,1.00,1.00",,,
au,what is the best chiropractor near me,best chiropractor near me,,,,,10,0,0.00,1.00,,,,"1.00,1.00,0.00,0.00,0.00,1.00,1.00,1.00,1.00,0.50,1.00,1.00",,,
au,who's the best chiropractor near me,best chiropractor near me,,,,,10,0,0.00,0.95,,,,"0.00,0.00,0.00,1.00",,,
au,10 best chiropractors near me,best chiropractor near me,,,,,0,0,0.00,0.00,,,,"0.00,0.00,0.00,0.00,0.00,0.00,0.00,0.00,0.00,0.00,0.00,0.00",,,
au,best child chiropractor near me,best chiropractor near me,,,,,0,0,0.00,0.00,,,,"0.00,0.00,0.00,0.00,0.00,0.00,0.00,0.00,0.00,0.00,0.00,0.00",,,
au,best chiropractor for frozen shoulder near me,best chiropractor near me,,,,,0,0,0.00,0.00,,,,"0.00,0.00,0.00,0.00,0.50,0.00,0.00,0.00,0.00,0.00,0.00,0.00",,,
au,best chiropractor for herniated disc near me,best chiropractor near me,,,,,0,0,0.00,0.00,,,,"0.00,0.00,0.00,0.00,0.00,0.00,0.00,0.00,0.00,0.00,0.00,0.00",,,
au,best chiropractor for hip pain near me,best chiropractor near me,,,,,0,0,0.00,0.00,,,,"0.00,0.00,0.00,0.00,0.00,0.00,0.00,0.00,0.00,0.00,0.00,0.00",,,
au,best chiropractor for kids near me,best chiropractor near me,,,,,0,0,0.00,0.00,,,,"0.00,0.00,0.00,0.00,0.00,0.00,0.00,0.00,0.00,0.00,0.00,0.00",,,
au,hip pain,hip pain,,,,,4400,68,0.00,0.00,147,Informational,"Video Carousel, Related Searches, AI Overview, Image Pack, Video, Image","0.66,0.66,0.66,0.66,0.66,0.66,0.66,0.66,0.66,0.54,0.54,0.54",75,,
au,pain inside the hip,hip pain,,,,,3600,54,0.29,0.16,145,Informational,"Related Searches, AI Overview, Image Pack, Video, Image, Video Carousel","0.81,0.35,0.81,1.00,0.81,0.66,0.02,0.44,0.81,0.66,0.44,0.66",90,,
au,hip flexor pain,hip pain,,,,,1900,27,0.33,0.06,7520000,Informational,"Video Carousel, Related Searches, Discussions And Forums, AI Overview, Image Pack, Video, Image","1.00,0.65,0.65,0.65,0.65,0.65,0.82,0.82,0.65,0.65,0.55,0.55",90,,
au,causes of pain in hip joints,hip pain,,,,,1600,45,0.14,0.11,37700000,Informational,"People Also Ask, Related Searches, AI Overview, Video, Image","1.00,1.00,1.00,1.00,1.00,0.81,1.00,1.00,1.00,1.00,0.81,0.81",90,,
au,hips are painful,hip pain,,,,,1600,61,0.00,0.00,264000000,Informational,"Video, Image, Video Carousel, People Also Ask, Related Searches, See Results About, AI Overview","0.00,0.00,0.00,0.00,1.00,0.81,0.03,0.54,1.00,0.81,0.00,0.00",90,,
au,hip in pain,hip pain,,,,,1300,52,0.00,0.00,689000000,Informational,"Related Searches, See Results About, AI Overview, Video, Image, Video Carousel","0.36,0.81,0.81,0.81,1.00,1.00,0.55,0.45,0.55,1.00,0.62,0.55",90,,
au,hip pain causes,hip pain,,,,,1300,64,0.00,0.00,1050000000,Informational,"AI Overview, Image Pack, Video, Image, Video Carousel, People Also Ask, Related Searches, Discussions And Forums","1.00,0.81,0.81,0.81,1.00,0.81,0.81,0.81,0.81,0.81,0.81,0.62",90,,
au,pain at hip,hip pain,,,,,1300,66,0.00,0.00,942000000,Informational,"Video, Image, Video Carousel, People Also Ask, Related Searches, See Results About, AI Overview, Image Pack","0.00,0.00,0.00,1.00,0.00,0.00,0.00,0.00,0.81,0.66,0.00,0.00",90,,
au,painful hip joints,hip pain,,,,,880,0,0.31,0.15,565000000,Informational,"Video, Image, Video Carousel, People Also Ask, Related Searches, Discussions And Forums, AI Overview","0.27,0.13,0.20,0.00,0.00,1.00,0.03,0.66,0.08,0.04,0.05,0.07",,,
au,pain in left hip area female,hip pain,,,,,880,53,0.31,0.02,0,Informational,"Image Pack, Video, Image, Video Carousel, Related Searches, Discussions And Forums, AI Overview","1.00,0.88,1.00,0.88,0.88,0.72,0.88,0.88,0.72,0.72,0.59,0.48",90,,
au,pain in hip back,hip pain,,,,,1000,29,0.57,0.15,968000000,Informational,"Video, Image, Video Carousel, Related Searches, Discussions And Forums, AI Overview, Image Pack, Site Links","0.08,0.13,1.00,0.80,0.52,0.44,0.03,0.16,0.13,0.10,0.10,0.16",20,,
au,pain in hip,hip pain,,,,,1000,69,0.00,0.00,1220000000,Informational,"Image Pack, Video, Image, People Also Ask, Related Searches, See Results About, AI Overview","0.41,0.41,0.41,0.54,0.36,0.36,0.54,0.54,0.36,0.41,0.10,0.08",90,,
au,hip joint pain,hip pain,,,,,1000,63,0.00,0.00,1010000000,Informational,"AI Overview, Image Pack, Video, Image, Video Carousel, People Also Ask, Related Searches, Discussions And Forums","1.00,0.62,0.45,0.24,0.55,0.55,0.62,0.55,1.00,0.81,0.62,0.62",90,,
au,what can cause hip pain in a woman,hip pain,,,,,880,58,0.00,0.00,468000000,Informational,"Video, Image, People Also Ask, Related Searches, AI Overview, Site Links","1.00,0.88,1.00,1.00,0.88,0.88,0.88,0.72,0.72,0.48,0.59,0.59",20,,
au,hip pain pregnancy,hip pain,,,,,720,25,0.00,0.00,161000000,Informational,"Related Searches, Discussions And Forums, AI Overview, Video, Image, Video Carousel, People Also Ask","0.36,0.62,0.30,0.62,0.81,0.24,0.62,0.55,0.20,0.20,0.20,0.20",90,,
au,pain in lower right abdomen near hip bone female,hip pain,,,,,720,39,0.00,0.00,127,Informational,"Image, People Also Ask, Related Searches, Discussions And Forums, AI Overview, Image Pack, Site Links, Video","1.00,0.72,0.72,0.72,0.72,0.59,0.59,0.72,0.72,0.59,0.72,0.59",20,,
au,pain in right hip area female,hip pain,,,,,720,63,0.00,0.00,309000000,Informational,"AI Overview, Video, Image, Video Carousel, People Also Ask, Related Searches, Discussions And Forums","0.81,0.67,0.81,0.67,0.81,0.81,0.81,0.81,0.67,0.67,0.67,0.67",90,,
au,hip pain at night,hip pain,,,,,590,45,0.00,0.00,368000000,Informational,"Video, Image, Video Carousel, People Also Ask, Related Searches, Discussions And Forums, AI Overview, Image Pack","0.54,0.54,0.54,0.67,0.54,0.67,0.81,0.81,0.67,0.54,0.44,0.54",90,,
au,hip pain after running,hip pain,,,,,590,12,0.00,0.00,371000000,Informational,"People Also Ask, Related Searches, Discussions And Forums, AI Overview, Image Pack, Video, Image, Video Carousel","1.00,1.00,1.00,1.00,0.88,0.14,1.00,0.14,0.88,0.14,0.17,0.14",90,,
au,back pain and hip,hip pain,,,,,590,27,0.57,0.15,1060000000,Informational,"Video Carousel, People Also Ask, Related Searches, Discussions And Forums, AI Overview, Image Pack, Video, Image","0.00,0.00,0.00,0.00,0.00,0.13,0.07,0.68,1.00,1.00,0.84,1.00",90,,
au,pain on hips during pregnancy,hip pain,,,,,590,35,0.00,0.00,366000000,Informational,"Related Searches, Discussions And Forums, AI Overview, Image Pack, Site Links, Video, Image, People Also Ask","0.52,0.08,0.46,0.52,0.52,0.37,0.00,1.00,0.05,0.01,0.00,0.00",20,,
au,painful hip,hip pain,,,,,590,52,0.00,0.00,1310000000,Informational,"Related Searches, See Results About, Discussions And Forums, AI Overview, Image Pack, Video Carousel, Video, Image, People Also Ask","0.48,0.59,0.72,0.59,1.00,0.59,0.72,0.48,0.48,0.72,0.59,0.59",75,,
au,painful hips during pregnancy,hip pain,,,,,590,46,0.00,0.00,117000000,Informational,"People Also Ask, Related Searches, Discussions And Forums, AI Overview, Site Links, Video, Image","0.52,0.08,0.46,0.52,0.52,0.37,0.00,1.00,0.05,0.01,0.00,0.31",20,,
au,pains in hips during pregnancy,hip pain,,,,,590,35,0.00,0.00,9280000,Informational,"Video, Image, People Also Ask, Related Searches, Discussions And Forums, AI Overview, Site Links","0.52,0.08,0.46,0.52,0.52,0.37,0.00,1.00,0.05,0.01,0.00,0.00",20,,
au,aching pain in right hip,hip pain,,,,,480,52,0.18,0.05,27200000,Informational,"Video Carousel, People Also Ask, Related Searches, Discussions And Forums, AI Overview, Video, Image","0.81,0.54,0.44,1.00,0.81,0.66,0.12,0.36,0.81,0.66,0.66,0.54",90,,
au,aching pain in left hip,hip pain,,,,,480,64,0.06,0.04,111000000,Informational,"AI Overview, Video, Image, Video Carousel, Related Searches, Discussions And Forums","0.81,0.54,0.44,1.00,0.81,0.81,0.19,0.54,0.81,0.66,0.66,0.81",90,,
au,hip back pain,hip pain,,,,,480,29,0.57,0.15,663000000,Informational,"Discussions And Forums, AI Overview, Image Pack, Video, Image, Video Carousel, People Also Ask, Related Searches","1.00,0.41,0.02,0.02,0.01,0.01,0.02,0.10,0.13,0.13,0.30,0.24",90,,
au,hip pain in pregnant women,hip pain,,,,,480,35,0.00,0.00,172000000,Informational,"Video, Image, People Also Ask, Related Searches, Discussions And Forums, AI Overview, Site Links","1.00,0.17,0.88,1.00,1.00,0.72,0.01,0.01,0.01,0.00,0.00,0.59",20,,
au,hip stretches for pain,hip pain,,,,,480,42,0.63,0.15,69100000,Informational,"Video, Image, Video Carousel, People Also Ask, Related Searches, Discussions And Forums, AI Overview","1.00,0.67,0.54,0.54,0.54,0.29,0.54,0.29,0.67,0.67,0.67,0.54",90,,
au,hips painful,hip pain,,,,,480,0,0.00,0.00,215000000,Informational,"Image Pack, Video, People Also Ask, See Results About, Discussions And Forums, AI Overview, Image, Video Carousel, Related Searches","0.00,0.00,0.00,1.00,0.00,0.00,0.00,0.00,0.00,0.00,0.00,0.00",,,
au,left hip pain,hip pain,,,,,480,53,0.18,0.04,492000000,Informational,"Image Pack, Video, Image, Video Carousel, Related Searches, Discussions And Forums, AI Overview","0.54,0.44,0.44,0.81,0.36,0.54,0.44,1.00,0.36,0.29,0.23,0.36",90,,
au,pain in lower left abdomen near hip bone female,hip pain,,,,,480,53,0.00,0.01,63600000,Informational,"Discussions And Forums, AI Overview, Image Pack, Image, People Also Ask, Related Searches","0.67,0.67,0.81,0.54,0.54,0.54,0.54,0.54,0.54,0.36,0.36,0.23",90,,
au,pain left hip joint,hip pain,,,,,480,50,0.18,0.04,441000000,Informational,"Related Searches, Discussions And Forums, AI Overview, Video, Image, Video Carousel, People Also Ask","0.81,0.54,0.44,1.00,0.81,0.81,0.19,0.54,0.81,0.66,0.66,0.81",90,,
au,painful hips while pregnant,hip pain,,,,,480,46,0.72,0.01,10600000,Informational,"Image, People Also Ask, Related Searches, Discussions And Forums, AI Overview, Video","1.00,0.17,0.88,1.00,1.00,0.72,0.00,0.01,0.00,0.00,0.00,0.59",90,,
au,hip muscle pain,hip pain,,,,,390,41,0.39,0.07,700000000,Informational,"Video Carousel, People Also Ask, Related Searches, AI Overview, Image Pack, Video, Image","0.54,0.54,0.66,0.44,0.54,0.81,0.81,0.81,0.81,0.81,0.66,0.66",90,,
au,hip pain caused,hip pain,,,,,390,53,0.14,0.11,541000000,Informational,"Video, Image, Video Carousel, People Also Ask, Related Searches, AI Overview","0.00,0.00,0.00,0.00,0.01,0.00,0.05,0.00,1.00,1.00,0.81,0.81",90,,
au,where is hip flexor pain felt,hip pain,,,,,480,27,0.00,0.01,2890000,Informational,"Image Pack, Video, Image, Video Carousel, People Also Ask, Related Searches, AI Overview","0.81,0.66,1.00,0.81,1.00,0.81,1.00,1.00,1.00,1.00,0.66,0.66",90,,
au,walking pain hip,hip pain,,,,,480,28,0.23,0.11,156,Informational,"Related Searches, Discussions And Forums, AI Overview, Video, Image, Video Carousel, People Also Ask","1.00,0.81,0.81,0.81,1.00,0.81,0.81,0.81,0.81,0.81,0.81,0.44",90,,
au,sudden hip pain without injury,hip pain,,,,,480,50,0.00,0.00,535000000,Informational,"Video, Image, Video Carousel, People Also Ask, Related Searches, Discussions And Forums, AI Overview","1.00,0.81,0.81,0.81,0.81,0.66,0.66,0.19,0.04,0.12,0.29,0.44",90,,
au,pregnancy and hip joint pain,hip pain,,,,,480,0,0.00,0.02,142,Informational,"Related Searches, Discussions And Forums, AI Overview, Site Links, Video","1.00,0.17,0.88,1.00,1.00,0.72,0.01,0.01,0.01,0.00,0.00,0.59",,,
au,painful hips at night,hip pain,,,,,390,51,0.21,0.10,108000000,Informational,"Image, Video Carousel, People Also Ask, Related Searches, Discussions And Forums, AI Overview, Video","0.81,0.44,0.01,0.05,1.00,0.01,0.15,0.67,1.00,0.54,0.54,0.67",90,,
au,pain inside hip,hip pain,,,,,390,43,0.28,0.09,334000000,Informational,"Image, Video Carousel, Related Searches, AI Overview, Image Pack, Video","0.05,0.03,1.00,0.01,1.00,0.01,0.04,0.67,1.00,1.00,0.81,0.67",90,,
au,pain in lower back and hips female,hip pain,,,,,390,49,0.00,0.00,204000000,Informational,"Related Searches, Discussions And Forums, AI Overview, Image Pack, Video, Image, Video Carousel, People Also Ask","0.81,0.66,0.66,0.66,0.66,0.66,0.66,0.66,0.54,0.54,0.54,0.44",90,,
au,lower back pain and hip,hip pain,,,,,390,28,0.00,0.00,793000000,Informational,"Site Links, Video, Image, Video Carousel, People Also Ask, Related Searches, AI Overview, Image Pack","0.10,0.03,1.00,0.36,0.36,0.03,0.10,1.00,0.00,0.00,0.00,0.00",20,,
au,lower back and hip pain,hip pain,,,,,390,21,0.00,0.00,763000000,Informational,"Image Pack, Video, Image, Video Carousel, Related Searches, Discussions And Forums, AI Overview","0.20,0.16,0.16,0.16,0.16,0.16,0.25,0.20,0.20,0.20,0.16,0.16",90,,
au,right hip pain,hip pain,,,,,390,50,0.00,0.00,1130000000,Informational,"Video, Image, Video Carousel, People Also Ask, Related Searches, Discussions And Forums, AI Overview, Image Pack","0.66,0.66,0.66,0.66,0.66,0.66,0.66,0.54,0.54,0.54,0.54,0.35",90,,
au,stretches for hip pain,hip pain,,,,,390,37,0.00,0.00,0,Informational,"AI Overview, Video, Image, Video Carousel, Related Searches","0.32,0.26,1.00,1.00,0.88,0.17,0.21,0.21,0.21,0.17,0.14,0.14",90,,
au,aching pain in hip,hip pain,,,,,320,48,0.34,0.21,26700000,Informational,"People Also Ask, Related Searches, Discussions And Forums, AI Overview, Image Pack, Video, Image, Video Carousel","1.00,0.36,0.36,0.29,0.36,0.15,0.01,0.19,0.66,0.44,0.44,0.29",90,,
au,hip pain when walking,hip pain,,,,,320,32,0.00,0.00,151000000,Informational,"Related Searches, Discussions And Forums, AI Overview, Video, Image, Video Carousel, People Also Ask","0.44,0.36,0.36,0.36,0.44,0.44,0.44,0.44,0.36,0.36,0.23,0.15",90,,
au,joint pain hip,hip pain,,,,,320,56,0.00,0.00,639000000,Informational,"Image, Video Carousel, Related Searches, AI Overview, Image Pack, Video","0.00,0.00,0.03,0.00,0.00,1.00,0.20,0.76,0.00,0.00,1.00,0.00",90,,
au,pain in hip joint,hip pain,,,,,320,61,0.00,0.00,777000000,Informational,"Related Searches, AI Overview, Image Pack, Video, Image, Video Carousel, People Also Ask","0.08,0.76,0.06,0.08,0.67,0.16,0.76,0.16,0.20,0.20,0.16,0.10",90,,
au,painful hips and lower back,hip pain,,,,,320,40,0.00,0.00,50100000,Informational,"Related Searches, Discussions And Forums, Site Links, Image, Video Carousel, People Also Ask, AI Overview, Image Pack, Video","0.10,0.03,1.00,0.36,0.36,0.24,0.24,0.13,0.03,0.02,0.03,0.06",20,,
au,where is hip arthritis pain felt,hip pain,,,,,320,28,0.00,0.00,14800000,Informational,"Video Carousel, People Also Ask, Related Searches, Discussions And Forums, AI Overview, Image Pack, Video, Image","1.00,0.81,0.81,0.66,0.66,0.66,0.81,0.66,0.66,0.35,0.29,0.14",90,,
au,aching pain in hips and legs,hip pain,,,,,260,60,0.27,0.11,6540000,"Informational, Commercial","Site Links, Video, Featured Snippet, Image, People Also Ask, Related Searches, Discussions And Forums","1.00,0.82,0.66,0.43,0.66,0.66,0.53,0.53,0.35,0.43,0.43,0.53",20,,
au,causes of hips pain,hip pain,,,,,260,55,0.14,0.11,167000000,Informational,"Video Carousel, People Also Ask, Related Searches, AI Overview, Image Pack, Video, Image","0.04,0.02,0.00,0.00,1.00,0.05,0.07,0.16,0.11,0.11,0.07,0.07",90,,
au,cortisone shot for hip bursitis very painful,hip pain,,,,,260,24,0.00,0.00,336000,Informational,"Video Carousel, People Also Ask, Related Searches, Discussions And Forums, AI Overview, Site Links, Video, Image","0.82,0.82,0.82,0.66,0.66,0.66,0.66,0.66,0.66,0.53,0.43,0.43",20,,
au,hip joint pain cause,hip pain,,,,,260,57,0.00,0.00,613000000,Informational,"AI Overview, Image Pack, Video, Image, Video Carousel, Related Searches","1.00,0.81,0.00,0.00,0.00,0.00,0.00,0.00,0.00,0.00,0.00,0.00",90,,
au,hip pain during sleep,hip pain,,,,,260,17,0.19,0.19,96600000,Informational,"AI Overview, Video, Image, Video Carousel, People Also Ask, Related Searches, Discussions And Forums","0.82,1.00,0.53,1.00,0.82,0.53,0.53,0.66,0.23,0.35,0.82,0.82",90,,
au,hip pain on one side,hip pain,,,,,260,50,0.00,0.00,934000000,Informational,"Discussions And Forums, AI Overview, Image Pack, Video, Image, Video Carousel, People Also Ask, Related Searches","0.54,0.44,0.54,0.44,0.44,0.35,0.44,0.44,0.44,0.44,0.44,0.35",90,,
au,hip to groin pain,hip pain,,,,,260,47,0.36,0.04,0,Informational,"Image, Video Carousel, Related Searches, AI Overview, Image Pack, Site Links, Video","0.35,0.66,0.35,0.66,0.44,0.44,0.35,0.35,0.44,0.35,0.28,0.35",20,,
au,pain in hip leg,hip pain,,,,,260,47,0.27,0.11,715000000,Informational,"Related Searches, Discussions And Forums, AI Overview, Image Pack, Video, Image, Video Carousel, People Also Ask","1.00,0.81,0.43,0.54,0.66,0.54,0.43,0.54,0.54,0.54,0.43,0.66",90,,
au,pain in one hip,hip pain,,,,,260,60,0.18,0.04,1040000000,Informational,"Image Pack, Video, Image, People Also Ask, Related Searches, Discussions And Forums, AI Overview","0.82,0.43,0.66,0.53,0.66,0.66,0.35,0.82,0.82,0.82,0.43,0.66",90,,
au,pain in hip joint treatment,hip pain,,,,,260,56,1.00,0.81,0,Informational,"Video Carousel, Related Searches, AI Overview, Video, Image","0.66,0.43,0.53,0.53,0.53,0.53,0.43,0.53,0.53,1.00,1.00,0.35",90,,
au,lower back pain left side above hip,hip pain,,,,,260,35,0.00,0.00,99100000,Informational,"Related Searches, Discussions And Forums, AI Overview, Site Links, Video, Image, Video Carousel, People Also Ask","0.82,0.82,0.66,0.66,0.66,0.66,0.66,0.53,0.43,0.66,0.43,0.43",20,,
au,how to relieve hip pain,hip pain,,,,,260,53,0.74,0.52,181000000,Informational,"Video, Image, Video Carousel, Related Searches, Discussions And Forums, AI Overview","0.66,0.43,0.43,0.43,0.66,0.35,0.66,0.54,0.54,0.43,0.54,0.54",90,,
au,how to relieve hip and leg pain,hip pain,,,,,260,39,0.94,0.61,726000000,Informational,"People Also Ask, Related Searches, Discussions And Forums, AI Overview, Image Pack, Video, Image, Video Carousel","1.00,0.82,0.43,0.66,0.53,0.35,0.43,0.53,0.66,0.66,0.53,0.53",90,,
au,chiropractor for sciatica and hip pain,hip pain chiropractor,,,,,40,0,0.00,0.00,,,,"0.20,0.80,1.00,1.00",,,
au,chiropractor hip flexor pain,hip pain chiropractor,,,,,40,0,0.00,0.33,,,,"0.11,0.11,0.11,0.11,0.11,0.11,0.23,1.00,0.11,0.11,0.11,0.11",,,
au,chiropractor for hip pain,hip pain chiropractor,,,,,20,0,0.00,0.00,,,,"0.07,0.07,0.14,0.14,0.14,0.07,0.28,0.35,0.14,0.07,0.07,0.07",,,
au,does chiropractor help with hip pain,hip pain chiropractor,,,,,20,0,0.00,0.29,,,,"1.00,1.00,1.00,1.00,1.00,1.00,1.00,1.00,0.00,1.00,0.00,1.00",,,
au,can chiropractor help hip flexor pain,hip pain chiropractor,,,,,10,0,0.00,0.00,,,,"0.00,0.00,0.66,0.66,0.66,0.66,0.66,0.00,0.00,0.00,0.00,0.00",,,
au,can chiropractor help with hip flexor pain,hip pain chiropractor,,,,,10,0,0.00,0.33,,,,"1.00,0.00,1.00,0.00,1.00,0.00,1.00,1.00,0.00,1.00,0.00,1.00",,,
au,hip pain chiropractor,hip pain chiropractor,,,,,10,0,0.00,0.00,,,,"0.50,0.50,0.50,0.00,0.50,0.50,0.50,0.50,0.00,0.00,0.50,0.00",,,
au,should i see a doctor or chiropractor for hip pain,hip pain chiropractor,,,,,10,0,0.00,0.00,,,,"1.00,0.00,1.00,1.00,1.00,1.00,0.00,0.00,1.00,0.00,0.00,0.00",,,
au,best chiropractor for hip pain,hip pain chiropractor,,,,,0,0,0.00,0.00,,,,"0.00,0.00,0.00,0.00,0.00,0.00,0.00,0.00,0.00,0.00,0.00,0.00",,,
au,can a chiropractor fix hip pain,hip pain chiropractor,,,,,0,0,0.00,0.00,,,,"0.00,0.00,0.00,0.00,0.00,0.00,0.00,0.00,0.00,0.00,0.00,0.00",,,
au,can a chiropractor help hip flexor pain,hip pain chiropractor,,,,,0,0,0.00,0.00,,,,"0.00,0.00,0.00,0.00,0.00,0.00,0.00,0.00,0.00,0.00,0.00,0.00",,,
au,can a chiropractor help hip pain,hip pain chiropractor,,,,,0,0,0.00,0.00,,,,"0.00,0.00,0.00,0.00,0.00,0.00,0.00,0.00,0.00,0.00,0.00,0.00",,,
au,can a chiropractor help my hip pain,hip pain chiropractor,,,,,0,0,0.00,0.00,,,,"0.00,0.00,0.00,0.00,0.00,0.00,0.00,0.00,0.00,0.00,0.00,0.00",,,
au,can a chiropractor help with hip and groin pain,hip pain chiropractor,,,,,0,0,0.00,0.00,,,,"0.00,0.00,0.00,0.00,0.00,0.00,0.00,0.00,0.00,0.00,0.00,0.00",,,
au,can a chiropractor help with hip flexor pain,hip pain chiropractor,,,,,0,0,0.00,0.00,,,,"0.00,0.00,0.00,0.00,0.00,0.00,0.00,0.00,0.00,0.00,0.00,0.00",,,
au,can a chiropractor help with hip pain,hip pain chiropractor,,,,,0,0,0.00,0.00,,,,"0.00,0.00,0.00,0.00,0.00,0.33,0.33,0.33,0.00,0.00,0.00,0.33",,,
au,can a chiropractor help with hip pain during pregnancy,hip pain chiropractor,,,,,0,0,0.00,0.00,,,,"0.00,0.00,0.00,0.00,0.00,0.00,0.00,0.00,0.00,0.00,0.00,0.00",,,
au,chiropractic adjustment near me,adjustments near me,,,,,70,0,0.00,0.00,,,,"0.05,0.05,0.05,0.05,0.05,0.11,0.64,0.64,0.64,0.64,1.00,1.00",,,
au,full body adjustment chiropractor near me,adjustments near me,,,,,50,0,1.72,0.70,,,,"0.18,0.18,1.00,0.18,0.18,0.18,0.45,0.36,1.00,0.36,0.36,0.45",,,
au,back adjustment chiropractor near me,adjustments near me,,,,,50,0,0.00,0.00,,,,"0.18,0.00,0.18,0.18,0.00,0.18,0.63,0.63,0.63,0.81,1.00,0.81",,,
au,back adjustment near me,adjustments near me,,,,,30,0,0.00,0.00,,,,"0.09,0.00,0.00,0.00,0.00,0.09,0.63,0.63,0.45,0.45,0.45,0.63",,,
au,chiropractor full body adjustment near me,adjustments near me,,,,,30,0,0.00,0.00,,,,"0.00,0.00,0.00,0.00,0.00,0.00,0.71,1.00,1.00,1.00,1.00,1.00",,,
au,full spinal adjustment,spinal adjustments,,,,,70,0,0.00,0.00,,,,"0.35,0.21,0.35,0.28,0.28,0.35,0.50,0.50,0.35,0.64,1.00,0.50",,,
au,spinal adjustments,spinal adjustments,,,,,90,57,0.00,0.00,71800000,Informational,"Image Pack, Video, Featured Snippet, Image, Video Carousel, People Also Ask, Related Searches","0.19,0.11,0.26,0.26,0.19,0.26,0.65,0.65,0.53,0.42,0.65,0.65",80,,
au,spinal adjustment,spinal adjustments,,,,,90,51,0.00,0.00,79400000,Informational,"Image Pack, Site Links, Image, Related Searches, AI Overview","0.52,0.41,0.52,0.41,0.41,0.52,0.64,0.52,0.64,0.64,1.00,0.52",20,,
au,chiropractor spinal adjustments,spinal adjustments,,,,,390,51,2.02,0.19,5300000,Commercial,"Image, Video Carousel, People Also Ask, Related Searches, AI Overview, Local Pack, Video","0.21,0.39,0.26,0.48,0.39,0.26,0.17,0.26,1.00,0.32,0.21,0.26",90,,
au,spinal adjustment near me,spinal adjustments,,,,,30,0,0.00,0.00,,,,"0.00,0.00,0.00,0.00,0.00,0.00,0.44,0.44,0.44,0.44,0.55,1.00",,,
au,spinal adjustment therapy,spinal adjustments,,,,,30,0,0.00,0.00,,,,"0.00,1.00,1.00,0.57,0.14,0.28,0.42",,,
au,chiropractic spinal adjustment benefits,spinal adjustments,,,,,20,0,1.29,0.14,,,,"0.66,0.66,0.66,0.66,0.66,0.66,0.66,0.66,0.66,0.66,0.66,0.66",,,
au,spinal chiropractic adjustment,spinal adjustments,,,,,50,0,0.00,0.00,,,,"0.71,0.42,0.71,0.57,0.42,0.57,1.00,1.00,0.71,0.57,1.00,1.00",,,
au,chiropractor spinal adjustment,spinal adjustments,,,,,50,0,0.00,0.00,,,,"0.55,0.33,0.77,0.44,0.44,0.44,0.77,0.77,0.44,0.77,1.00,0.55",,,
au,spinal adjustment cost,spinal adjustments,,,,,70,0,0.00,0.00,,,,"0.35,0.21,0.50,0.28,0.28,0.28,0.50,0.50,0.50,0.64,1.00,0.50",,,
au,spinal adjuster,spinal adjustments,,,,,20,0,0.00,1.00,,,,"0.66,0.66,0.66,0.00,0.66,0.66,0.66,0.66,0.66,0.66,0.66,0.66",,,
au,chiropractor near me,chiropractor,,,,,14800,46,2.81,0.49,82100000,Transactional,"Local Pack, Image, Related Searches","0.66,0.36,0.54,0.54,0.54,0.54,1.00,0.66,0.54,0.54,0.44,0.36",90,,
au,chiropractor,chiropractor,,,,,6600,57,0.00,0.00,62700000,Informational,"Local Pack, Video, Image, Related Searches, AI Overview","0.10,0.08,0.24,0.13,0.20,0.24,0.16,0.13,0.10,0.20,0.10,0.20",60,,
au,chiropractors near me,chiropractor,,,,,1300,17,3.08,0.53,52000000,Transactional,"Local Pack, Image, People Also Ask, Related Searches","0.36,0.13,0.36,0.16,0.36,0.29,0.16,0.22,0.13,0.29,0.36,0.13",90,,
au,chiropractor gold coast,chiropractor,,,,,720,28,0.00,0.00,1270000,Commercial,"Discussions And Forums, Local Pack, Video, Image, Related Searches","0.67,0.55,0.55,0.55,0.55,0.45,0.76,0.76,0.67,0.67,0.55,0.45",90,,
au,recommended chiropractor near me,chiropractor,,,,,720,40,2.50,0.69,32000000,Transactional,"Related Searches, Local Pack, People Also Ask","0.45,0.81,1.00,0.62,0.36,0.36,0.08,0.24,1.00,0.30,0.30,0.24",90,,
au,chiropractors and massage,chiropractor,,,,,390,10,1.61,0.54,12000000,Commercial,"Related Searches, Discussions And Forums, Local Pack, Video, People Also Ask","0.36,0.44,0.36,0.54,0.44,0.29,0.19,0.29,1.00,0.36,0.54,0.29",90,,
au,chiro palm beach,palm beach chiro,,,,,0,0,2.02,0.11,,,,"0.00,0.00,0.00,0.00,0.00,0.00,0.00,0.00,0.00,0.00,0.00,0.00",,,
au,palm beach avenue chiro,palm beach chiro,,,,,0,0,0.00,0.00,,,,"0.00,0.00,0.00,0.00,0.00,0.00,0.00,0.00,0.00,0.00,0.00,0.00",,,
au,palm beach chiro,palm beach chiro,,,,,0,0,0.00,0.00,,,,"0.00,0.00,0.00,0.00,0.00,0.00,0.00,0.00,0.00,0.00,0.00,0.00",,,
au,palm beach sports chiro,palm beach chiro,,,,,0,0,0.00,0.00,,,,"0.00,0.00,0.00,0.00,0.00,0.00,0.00,0.00,0.00,0.00,0.00,0.00",,,
au,chiropractor cabarita,cabarita chiropractor,,,,,40,0,1.50,0.56,,,,"0.18,0.18,0.18,0.18,0.18,0.00,0.81,1.00,0.63,0.18,0.18,0.18",,,
au,cabarita chiropractor,cabarita chiropractor,,,,,0,0,0.00,0.00,,,,"0.11,0.00,0.00,0.00,0.00,0.00,0.00,0.00,0.00,0.00,0.00,0.00",,,
au,chiropractor cabarita beach,cabarita chiropractor,,,,,0,0,0.00,0.00,,,,"0.00,0.00,0.00,0.00,0.00,0.00,0.00,0.00,0.00,0.00,0.00,0.00",,,
au,chiropractor pottsville,pottsville chiropractor,,,,,10,0,0.00,0.00,,,,"0.00,0.00,0.00,0.00,0.00,0.00,0.63,0.18,0.18,0.09,0.09,0.09",,,
au,pottsville chiropractor,pottsville chiropractor,,,,,10,0,0.00,0.00,,,,"0.00,0.00,0.00,0.00,0.00,0.00,0.19,0.07,0.07,0.03,0.03,0.03",,,
au,chiropractor pottsville nsw,pottsville chiropractor,,,,,0,0,0.00,0.00,,,,"0.00,0.00,0.00,0.00,0.00,0.00,0.00,0.00,0.00,0.00,0.00,0.00",,,
au,chiropractor murwillumbah,murwillumbah chiropractor,,,,,20,0,0.00,0.00,,,,"0.09,0.09,0.09,0.18,0.18,0.18,0.36,0.45,0.18,0.09,0.09,0.18",,,
au,murwillumbah chiropractor,murwillumbah chiropractor,,,,,0,0,0.00,0.00,,,,"0.00,0.00,0.00,0.00,0.00,0.00,0.00,0.00,0.00,0.00,0.00,0.00",,,
au,best chiropractor in murwillumbah,murwillumbah chiropractor,,,,,0,0,0.00,0.00,,,,"0.00,0.00,0.00,0.00,0.00,0.00,0.00,0.00,0.00,0.00,0.00,0.00",,,
au,chiropractor elanora,chiropractor elanora,,,,,10,0,0.00,0.00,,,,"0.66,0.00,0.00,0.00,0.00,0.00,0.33,0.33,0.33,0.33,0.00,0.00",,,
au,chiropractor gold coast elanora,chiropractor elanora,,,,,0,0,0.00,0.00,,,,"0.00,0.00,0.00,0.00,0.00,0.00,0.00,0.00,0.00,0.00,0.00,0.00",,,
au,chiropractor in elanora qld,chiropractor elanora,,,,,0,0,0.00,0.00,,,,"0.00,0.00,0.00,0.00,0.00,0.00,0.00,0.00,0.00,0.00,0.00,0.00",,,
au,chiropractors elanora,chiropractor elanora,,,,,0,0,0.00,0.00,,,,"0.00,0.00,0.00,0.00,0.00,0.00,0.00,0.00,0.00,0.00,0.00,0.00",,,
au,chiropractor near me open saturday,chiropractor open Saturday near me,,,,,30,0,1.94,0.76,,,,"0.28,0.28,0.28,0.28,0.28,0.28,0.71,0.28,0.28,0.71,0.71,1.00",,,
au,chiropractor open saturday near me,chiropractor open Saturday near me,,,,,10,0,0.00,0.00,,,,"0.50,0.00,0.50,0.00,0.00,0.50,1.00,0.50,0.50,0.50,0.50,0.00",,,
au,chiropractors near me open on saturdays,chiropractor open Saturday near me,,,,,10,0,1.94,0.76,,,,"0.00,0.00,0.00,0.00,0.00,0.00,0.00,0.00,0.00,0.75,1.00,1.00",,,
au,chiropractors near me open on saturday,chiropractor open Saturday near me,,,,,10,0,1.94,0.76,,,,"0.00,0.00,0.00,0.00,0.00,0.20,0.20,0.00,0.00,0.60,1.00,1.00",,,
